{"providers":[{"file":"char/black.png","chars":[""],"height":1,"ascent":-5000,"type":"bitmap"},{"file":"char/black.png","chars":[""],"height":2,"ascent":-5000,"type":"bitmap"},{"file":"char/black.png","chars":[""],"height":3,"ascent":-5000,"type":"bitmap"},{"file":"char/black.png","chars":[""],"height":4,"ascent":-5000,"type":"bitmap"},{"file":"char/black.png","chars":[""],"height":5,"ascent":-5000,"type":"bitmap"},{"file":"char/black.png","chars":[""],"height":6,"ascent":-5000,"type":"bitmap"},{"file":"char/black.png","chars":[""],"height":7,"ascent":-5000,"type":"bitmap"},{"file":"char/black.png","chars":[""],"height":15,"ascent":-5000,"type":"bitmap"},{"file":"char/black.png","chars":[""],"height":31,"ascent":-5000,"type":"bitmap"},{"file":"char/black.png","chars":[""],"height":63,"ascent":-5000,"type":"bitmap"},{"file":"char/black.png","chars":[""],"height":127,"ascent":-5000,"type":"bitmap"},{"file":"char/black.png","chars":[""],"height":256,"ascent":-5000,"type":"bitmap"},{"file":"char/black.png","chars":[""],"height":512,"ascent":-5000,"type":"bitmap"},{"file":"char/black.png","chars":[""],"height":1024,"ascent":-5000,"type":"bitmap"},{"file":"char/black.png","chars":[""],"height":-3,"ascent":-5000,"type":"bitmap"},{"file":"char/black.png","chars":[""],"height":-4,"ascent":-5000,"type":"bitmap"},{"file":"char/black.png","chars":[""],"height":-5,"ascent":-5000,"type":"bitmap"},{"file":"char/black.png","chars":[""],"height":-6,"ascent":-5000,"type":"bitmap"},{"file":"char/black.png","chars":[""],"height":-7,"ascent":-5000,"type":"bitmap"},{"file":"char/black.png","chars":[""],"height":-8,"ascent":-5000,"type":"bitmap"},{"file":"char/black.png","chars":[""],"height":-9,"ascent":-5000,"type":"bitmap"},{"file":"char/black.png","chars":[""],"height":-10,"ascent":-5000,"type":"bitmap"},{"file":"char/black.png","chars":[""],"height":-18,"ascent":-5000,"type":"bitmap"},{"file":"char/black.png","chars":[""],"height":-34,"ascent":-5000,"type":"bitmap"},{"file":"char/black.png","chars":[""],"height":-66,"ascent":-5000,"type":"bitmap"},{"file":"char/black.png","chars":[""],"height":-130,"ascent":-5000,"type":"bitmap"},{"file":"char/black.png","chars":[""],"height":-259,"ascent":-5000,"type":"bitmap"},{"file":"char/black.png","chars":[""],"height":-515,"ascent":-5000,"type":"bitmap"},{"file":"char/black.png","chars":[""],"height":-1027,"ascent":-5000,"type":"bitmap"},{"file":"chris2024pins:2.png","chars":[""],"height":10,"ascent":8,"type":"bitmap"},{"file":"chris2024pins:3.png","chars":[""],"height":10,"ascent":8,"type":"bitmap"},{"file":"chris2024pins:4.png","chars":[""],"height":10,"ascent":8,"type":"bitmap"},{"file":"chris2024pins:5.png","chars":[""],"height":10,"ascent":8,"type":"bitmap"},{"file":"chris2024pins:9.png","chars":[""],"height":10,"ascent":8,"type":"bitmap"},{"file":"chris2024pins:10.png","chars":[""],"height":10,"ascent":8,"type":"bitmap"},{"file":"chris2024pins:11.png","chars":[""],"height":10,"ascent":8,"type":"bitmap"},{"file":"chris2024pins:12.png","chars":[""],"height":10,"ascent":8,"type":"bitmap"},{"file":"chris2024pins:13.png","chars":[""],"height":10,"ascent":8,"type":"bitmap"},{"file":"chris2024pins:15.png","chars":[""],"height":10,"ascent":8,"type":"bitmap"},{"file":"_iainternal:gui/no_recipe.png","chars":[""],"height":170,"ascent":47,"type":"bitmap"},{"file":"_iainternal:gui/crafting.png","chars":[""],"height":170,"ascent":47,"type":"bitmap"},{"file":"_iainternal:gui/cooking.png","chars":[""],"height":170,"ascent":47,"type":"bitmap"},{"file":"_iainternal:gui/blank_menu.png","chars":[""],"height":170,"ascent":47,"type":"bitmap"},{"file":"_iainternal:gui/anvil_repair.png","chars":[""],"height":170,"ascent":47,"type":"bitmap"},{"file":"_iainternal:gui/smithing.png","chars":[""],"height":170,"ascent":47,"type":"bitmap"},{"file":"custom_esc:topimage.png","chars":[""],"height":160,"ascent":88,"type":"bitmap"},{"file":"starguiplush:gui/collection_log_main.png","chars":[""],"height":170,"ascent":47,"type":"bitmap"},{"file":"pinsicons:star.png","chars":[""],"height":10,"ascent":8,"type":"bitmap"},{"file":"pinsicons:bugfix.png","chars":[""],"height":10,"ascent":8,"type":"bitmap"},{"file":"startabimg:startabimg.png","chars":[""],"height":128,"ascent":64,"type":"bitmap"},{"file":"starguiplush:gui/collection_log_view.png","chars":[""],"height":170,"ascent":47,"type":"bitmap"},{"file":"_iainternal:hud/small_cooldown_bar/0.png","chars":[""],"height":22,"ascent":-42,"type":"bitmap"},{"file":"_iainternal:hud/small_cooldown_bar/1.png","chars":[""],"height":22,"ascent":-42,"type":"bitmap"},{"file":"_iainternal:hud/small_cooldown_bar/2.png","chars":[""],"height":22,"ascent":-42,"type":"bitmap"},{"file":"_iainternal:hud/small_cooldown_bar/3.png","chars":[""],"height":22,"ascent":-42,"type":"bitmap"},{"file":"_iainternal:hud/small_cooldown_bar/4.png","chars":[""],"height":22,"ascent":-42,"type":"bitmap"},{"file":"_iainternal:hud/small_cooldown_bar/5.png","chars":[""],"height":22,"ascent":-42,"type":"bitmap"},{"file":"_iainternal:hud/small_cooldown_bar/6.png","chars":[""],"height":22,"ascent":-42,"type":"bitmap"},{"file":"_iainternal:hud/small_cooldown_bar/7.png","chars":[""],"height":22,"ascent":-42,"type":"bitmap"},{"file":"_iainternal:hud/small_cooldown_bar/8.png","chars":[""],"height":22,"ascent":-42,"type":"bitmap"},{"file":"_iainternal:hud/small_cooldown_bar/9.png","chars":[""],"height":22,"ascent":-42,"type":"bitmap"},{"file":"_iainternal:hud/small_cooldown_bar/10.png","chars":[""],"height":22,"ascent":-42,"type":"bitmap"},{"file":"_iainternal:hud/small_cooldown_bar/11.png","chars":[""],"height":22,"ascent":-42,"type":"bitmap"},{"file":"_iainternal:hud/small_cooldown_bar/12.png","chars":[""],"height":22,"ascent":-42,"type":"bitmap"},{"file":"_iainternal:hud/small_cooldown_bar/13.png","chars":[""],"height":22,"ascent":-42,"type":"bitmap"},{"file":"_iainternal:hud/small_cooldown_bar/14.png","chars":[""],"height":22,"ascent":-42,"type":"bitmap"},{"file":"_iainternal:hud/small_cooldown_bar/15.png","chars":[""],"height":22,"ascent":-42,"type":"bitmap"},{"file":"_iainternal:hud/small_cooldown_bar/16.png","chars":[""],"height":22,"ascent":-42,"type":"bitmap"},{"file":"_iainternal:hud/small_cooldown_bar/17.png","chars":[""],"height":22,"ascent":-42,"type":"bitmap"},{"file":"_iainternal:hud/small_cooldown_bar/18.png","chars":[""],"height":22,"ascent":-42,"type":"bitmap"},{"file":"_iainternal:hud/small_cooldown_bar/19.png","chars":[""],"height":22,"ascent":-42,"type":"bitmap"},{"file":"_iainternal:hud/small_cooldown_bar/20.png","chars":[""],"height":22,"ascent":-42,"type":"bitmap"},{"type":"bitmap","file":"minecraft:guis/pixel.png","ascent":-2000,"height":-3,"chars":["七"]},{"type":"bitmap","file":"minecraft:guis/shopgui/shopgui_sell.png","ascent":26,"height":66,"chars":["ㇳ"]},{"type":"bitmap","file":"minecraft:guis/shopgui/shopgui_category.png","ascent":26,"height":140,"chars":["ㇴ"]},{"type":"bitmap","file":"minecraft:guis/shopgui/shopgui_categories.png","ascent":26,"height":87,"chars":["ㇵ"]},{"type":"bitmap","file":"minecraft:guis/shopgui/plus.png","ascent":8,"height":9,"chars":["ㇷ"]},{"type":"bitmap","file":"minecraft:guis/shopgui/minus.png","ascent":6,"height":6,"chars":["ㇸ"]},{"type":"bitmap","file":"minecraft:guis/shopgui/click.png","ascent":10,"height":13,"chars":["ㇶ"]},{"type":"bitmap","file":"minecraft:guis/shopgui/shop.png","ascent":8,"height":13,"chars":["㆒"]},{"type":"bitmap","file":"minecraft:guis/shopgui/cart.png","ascent":2,"height":44,"chars":["ぁ"]},{"type":"bitmap","file":"minecraft:gui/returntogame.png","ascent":43,"height":256,"chars":["月"]},{"type":"bitmap","file":"minecraft:gui/disconnect_banner.png","ascent":133,"height":256,"chars":["思"]},{"type":"bitmap","file":"space.png","ascent":-32768,"height":-10,"chars":["⻔"]},{"type":"bitmap","file":"space.png","ascent":-32768,"height":-10,"chars":["𰁏"]}]}