{"credit":"Made with Blockbench","texture_size":[128,128],"textures":{"4":"crates:bat/bat_crate_txt2024"},"elements":[{"from":[5,10,-2.82795],"to":[11,14,18.17205],"rotation":{"angle":0,"axis":"y","origin":[1,0,4.17205]},"faces":{"north":{"uv":[8.75,2.75,9.5,3.25],"texture":"#4"},"east":{"uv":[5.25,2.25,7.875,2.75],"texture":"#4"},"south":{"uv":[8.75,3.375,9.5,3.875],"texture":"#4"},"west":{"uv":[5,5.25,7.625,5.75],"texture":"#4"},"up":{"uv":[0.75,7.125,0,4.5],"texture":"#4"},"down":{"uv":[1.625,4.5,0.875,7.125],"texture":"#4"}}},{"from":[9.76429,7.1637,17.17305],"to":[12.76229,13.1617,20.17105],"rotation":{"angle":22.5,"axis":"z","origin":[6.76329,11.1627,7.67205]},"faces":{"north":{"uv":[6,10,6.375,10.75],"texture":"#4"},"east":{"uv":[6.5,10,6.875,10.75],"texture":"#4"},"south":{"uv":[7,10,7.375,10.75],"texture":"#4"},"west":{"uv":[0,10.125,0.375,10.875],"texture":"#4"},"up":{"uv":[10.875,6.875,10.5,6.5],"texture":"#4"},"down":{"uv":[10.875,7,10.5,7.375],"texture":"#4"}}},{"from":[3.824,13.999,7.17105],"to":[6.826,16.001,18.17305],"rotation":{"angle":-22.5,"axis":"z","origin":[2.5,14,12.67205]},"faces":{"north":{"uv":[7.75,9.25,8.125,9.5],"texture":"#4"},"east":{"uv":[8.75,8,10.125,8.25],"texture":"#4"},"south":{"uv":[11,7.25,11.375,7.5],"texture":"#4"},"west":{"uv":[8.75,8.375,10.125,8.625],"texture":"#4"},"up":{"uv":[6.625,4.25,6.25,2.875],"texture":"#4"},"down":{"uv":[3.625,6.375,3.25,7.75],"texture":"#4"}}},{"from":[3.23771,7.1637,17.17305],"to":[6.23571,13.1617,20.17105],"rotation":{"angle":-22.5,"axis":"z","origin":[9.23671,11.1627,7.67205]},"faces":{"north":{"uv":[0.5,10.125,0.875,10.875],"texture":"#4"},"east":{"uv":[1,10.125,1.375,10.875],"texture":"#4"},"south":{"uv":[3,10.125,3.375,10.875],"texture":"#4"},"west":{"uv":[3.5,10.125,3.875,10.875],"texture":"#4"},"up":{"uv":[10.875,7.875,10.5,7.5],"texture":"#4"},"down":{"uv":[8.875,10.625,8.5,11],"texture":"#4"}}},{"from":[4.46035,12.30626,-3.92795],"to":[11.45835,15.30426,20.07005],"rotation":{"angle":0,"axis":"y","origin":[4.45935,11.80526,18.67105]},"faces":{"north":{"uv":[7.5,9.625,8.375,10],"texture":"#4"},"east":{"uv":[1.75,5.875,4.75,6.25],"texture":"#4"},"south":{"uv":[9.875,3.75,10.75,4.125],"texture":"#4"},"west":{"uv":[4.875,5.875,7.875,6.25],"texture":"#4"},"up":{"uv":[4.125,3,3.25,0],"texture":"#4"},"down":{"uv":[5.125,0,4.25,3],"texture":"#4"}}},{"from":[4.23771,7.1637,-2.82695],"to":[6.23571,12.1617,18.17105],"rotation":{"angle":-22.5,"axis":"z","origin":[9.23671,11.1627,7.67205]},"faces":{"north":{"uv":[2.5,10.25,2.75,10.875],"texture":"#4"},"east":{"uv":[5,4.5,7.625,5.125],"texture":"#4"},"south":{"uv":[10.5,4.25,10.75,4.875],"texture":"#4"},"west":{"uv":[5.25,0,7.875,0.625],"texture":"#4"},"up":{"uv":[2,9,1.75,6.375],"texture":"#4"},"down":{"uv":[2.375,6.375,2.125,9],"texture":"#4"}}},{"from":[9.76429,7.1637,-2.82695],"to":[11.76229,12.1617,18.17105],"rotation":{"angle":22.5,"axis":"z","origin":[6.76329,11.1627,7.67205]},"faces":{"north":{"uv":[10.5,5,10.75,5.625],"texture":"#4"},"east":{"uv":[5.25,0.75,7.875,1.375],"texture":"#4"},"south":{"uv":[10.5,5.75,10.75,6.375],"texture":"#4"},"west":{"uv":[5.25,1.5,7.875,2.125],"texture":"#4"},"up":{"uv":[2.75,9,2.5,6.375],"texture":"#4"},"down":{"uv":[3.125,6.375,2.875,9],"texture":"#4"}}},{"from":[2.001,0.001,-3.82695],"to":[13.999,9.999,20.17105],"rotation":{"angle":0,"axis":"y","origin":[1,0,4.17205]},"faces":{"north":{"uv":[1.75,4.5,3.25,5.75],"texture":"#4"},"east":{"uv":[0,3.125,3,4.375],"texture":"#4"},"south":{"uv":[3.375,4.5,4.875,5.75],"texture":"#4"},"west":{"uv":[3.125,3.125,6.125,4.375],"texture":"#4"},"up":{"uv":[1.5,3,0,0],"texture":"#4"},"down":{"uv":[3.125,0,1.625,3],"texture":"#4"}}},{"from":[4.001,7.999,18.17105],"to":[12.003,10.001,21.17305],"rotation":{"angle":0,"axis":"y","origin":[-7.498,13,13.42205]},"faces":{"north":{"uv":[10.25,8,11.25,8.25],"texture":"#4"},"east":{"uv":[7.5,11,7.875,11.25],"texture":"#4"},"south":{"uv":[10.25,8.375,11.25,8.625],"texture":"#4"},"west":{"uv":[11,7.625,11.375,7.875],"texture":"#4"},"up":{"uv":[9.75,4.375,8.75,4],"texture":"#4"},"down":{"uv":[9.75,4.5,8.75,4.875],"texture":"#4"}}},{"from":[4.001,-0.001,18.17105],"to":[12.003,2.001,21.17305],"rotation":{"angle":0,"axis":"y","origin":[-7.498,13,13.42205]},"faces":{"north":{"uv":[10.25,8.75,11.25,9],"texture":"#4"},"east":{"uv":[8,11,8.375,11.25],"texture":"#4"},"south":{"uv":[10.25,9.125,11.25,9.375],"texture":"#4"},"west":{"uv":[11,10.625,11.375,10.875],"texture":"#4"},"up":{"uv":[9.75,5.375,8.75,5],"texture":"#4"},"down":{"uv":[9.75,5.5,8.75,5.875],"texture":"#4"}}},{"from":[11.999,-0.001,18.17105],"to":[15.001,10.001,21.17305],"rotation":{"angle":0,"axis":"y","origin":[1,0,4.17205]},"faces":{"north":{"uv":[6.25,7.875,6.625,9.125],"texture":"#4"},"east":{"uv":[6.75,7.875,7.125,9.125],"texture":"#4"},"south":{"uv":[7.25,7.875,7.625,9.125],"texture":"#4"},"west":{"uv":[7.75,7.875,8.125,9.125],"texture":"#4"},"up":{"uv":[9.375,11,9,10.625],"texture":"#4"},"down":{"uv":[9.875,10.625,9.5,11],"texture":"#4"}}},{"from":[11.999,7.999,7.17105],"to":[15.001,10.001,18.17305],"rotation":{"angle":0,"axis":"y","origin":[1,0,4.17205]},"faces":{"north":{"uv":[11,11,11.375,11.25],"texture":"#4"},"east":{"uv":[8.75,8.75,10.125,9],"texture":"#4"},"south":{"uv":[11.125,0.375,11.5,0.625],"texture":"#4"},"west":{"uv":[9,0,10.375,0.25],"texture":"#4"},"up":{"uv":[4.125,7.75,3.75,6.375],"texture":"#4"},"down":{"uv":[4.625,6.375,4.25,7.75],"texture":"#4"}}},{"from":[0.999,-0.001,18.17105],"to":[4.001,10.001,21.17305],"rotation":{"angle":0,"axis":"y","origin":[1,0,4.17205]},"faces":{"north":{"uv":[8,0,8.375,1.25],"texture":"#4"},"east":{"uv":[8,1.375,8.375,2.625],"texture":"#4"},"south":{"uv":[8.25,2.75,8.625,4],"texture":"#4"},"west":{"uv":[8.25,4.125,8.625,5.375],"texture":"#4"},"up":{"uv":[10.375,11,10,10.625],"texture":"#4"},"down":{"uv":[10.875,10.625,10.5,11],"texture":"#4"}}},{"from":[0.999,-0.001,7.17105],"to":[4.001,2.001,18.17305],"rotation":{"angle":0,"axis":"y","origin":[2.5,1,12.67205]},"faces":{"north":{"uv":[11.125,0.75,11.5,1],"texture":"#4"},"east":{"uv":[9,0.375,10.375,0.625],"texture":"#4"},"south":{"uv":[11.125,1.125,11.5,1.375],"texture":"#4"},"west":{"uv":[9,0.75,10.375,1],"texture":"#4"},"up":{"uv":[5.125,7.75,4.75,6.375],"texture":"#4"},"down":{"uv":[5.625,7.75,5.25,6.375],"texture":"#4"}}},{"from":[0.999,7.999,7.17105],"to":[4.001,10.001,18.17305],"rotation":{"angle":0,"axis":"y","origin":[2.5,9,12.67205]},"faces":{"north":{"uv":[1.5,11.125,1.875,11.375],"texture":"#4"},"east":{"uv":[9,1.125,10.375,1.375],"texture":"#4"},"south":{"uv":[11.125,1.5,11.5,1.75],"texture":"#4"},"west":{"uv":[9,1.5,10.375,1.75],"texture":"#4"},"up":{"uv":[6.125,7.75,5.75,6.375],"texture":"#4"},"down":{"uv":[6.625,6.375,6.25,7.75],"texture":"#4"}}},{"from":[1.00018,0,-1.82795],"to":[4.00018,2,9.17205],"rotation":{"angle":0,"axis":"y","origin":[8,8.23704,0.67205]},"faces":{"north":{"uv":[11.125,1.875,11.5,2.125],"texture":"#4"},"east":{"uv":[9,1.875,10.375,2.125],"texture":"#4"},"south":{"uv":[2,11.125,2.375,11.375],"texture":"#4"},"west":{"uv":[9,2.25,10.375,2.5],"texture":"#4"},"up":{"uv":[7.125,4.25,6.75,2.875],"texture":"#4"},"down":{"uv":[7.125,6.375,6.75,7.75],"texture":"#4"}}},{"from":[1.00018,8,-1.82795],"to":[4.00018,10,9.17205],"rotation":{"angle":0,"axis":"y","origin":[8,8.23704,0.67205]},"faces":{"north":{"uv":[11.125,2.25,11.5,2.5],"texture":"#4"},"east":{"uv":[1.5,9.125,2.875,9.375],"texture":"#4"},"south":{"uv":[11.125,2.625,11.5,2.875],"texture":"#4"},"west":{"uv":[8.75,9.125,10.125,9.375],"texture":"#4"},"up":{"uv":[0.375,8.625,0,7.25],"texture":"#4"},"down":{"uv":[0.875,7.25,0.5,8.625],"texture":"#4"}}},{"from":[2.03744,11.45563,-0.82895],"to":[5.03944,13.45763,10.17305],"rotation":{"angle":-22.5,"axis":"z","origin":[8,8.23704,-1.32795]},"faces":{"north":{"uv":[11.125,3,11.5,3.25],"texture":"#4"},"east":{"uv":[6.25,9.25,7.625,9.5],"texture":"#4"},"south":{"uv":[11.125,3.375,11.5,3.625],"texture":"#4"},"west":{"uv":[3,9.375,4.375,9.625],"texture":"#4"},"up":{"uv":[1.375,8.625,1,7.25],"texture":"#4"},"down":{"uv":[7.625,2.875,7.25,4.25],"texture":"#4"}}},{"from":[10.9609,11.45549,-3.82895],"to":[13.9629,13.45749,7.17305],"rotation":{"angle":22.5,"axis":"z","origin":[8,8.23704,-1.32795]},"faces":{"north":{"uv":[8.5,11.125,8.875,11.375],"texture":"#4"},"east":{"uv":[4.5,9.375,5.875,9.625],"texture":"#4"},"south":{"uv":[9,11.125,9.375,11.375],"texture":"#4"},"west":{"uv":[1.5,9.5,2.875,9.75],"texture":"#4"},"up":{"uv":[7.625,7.75,7.25,6.375],"texture":"#4"},"down":{"uv":[8.125,2.875,7.75,4.25],"texture":"#4"}}},{"from":[1.00018,0,-4.82795],"to":[4.00018,10,-1.82795],"rotation":{"angle":0,"axis":"y","origin":[8,8.23704,0.67205]},"faces":{"north":{"uv":[8.25,5.5,8.625,6.75],"texture":"#4"},"east":{"uv":[8.25,6.875,8.625,8.125],"texture":"#4"},"south":{"uv":[8.25,8.25,8.625,9.5],"texture":"#4"},"west":{"uv":[8.5,0,8.875,1.25],"texture":"#4"},"up":{"uv":[11.25,4.125,10.875,3.75],"texture":"#4"},"down":{"uv":[11.25,4.25,10.875,4.625],"texture":"#4"}}},{"from":[2.02314,7.41334,-3.82795],"to":[5.02314,13.41334,-0.82795],"rotation":{"angle":-22.5,"axis":"z","origin":[8,8.23704,0.67205]},"faces":{"north":{"uv":[4,10.125,4.375,10.875],"texture":"#4"},"east":{"uv":[4.5,10.125,4.875,10.875],"texture":"#4"},"south":{"uv":[5,10.125,5.375,10.875],"texture":"#4"},"west":{"uv":[5.5,10.125,5.875,10.875],"texture":"#4"},"up":{"uv":[11.25,5.125,10.875,4.75],"texture":"#4"},"down":{"uv":[11.25,5.25,10.875,5.625],"texture":"#4"}}},{"from":[10.9772,7.4132,-3.82795],"to":[13.9772,13.4132,-0.82795],"rotation":{"angle":22.5,"axis":"z","origin":[8,8.23704,0.67205]},"faces":{"north":{"uv":[7.5,10.125,7.875,10.875],"texture":"#4"},"east":{"uv":[8,10.125,8.375,10.875],"texture":"#4"},"south":{"uv":[1.5,10.25,1.875,11],"texture":"#4"},"west":{"uv":[2,10.25,2.375,11],"texture":"#4"},"up":{"uv":[11.25,6.125,10.875,5.75],"texture":"#4"},"down":{"uv":[6.375,10.875,6,11.25],"texture":"#4"}}},{"from":[3.99818,8,-4.82795],"to":[11.99818,10,-1.82795],"rotation":{"angle":0,"axis":"y","origin":[8,8.23704,0.67205]},"faces":{"north":{"uv":[10.25,9.5,11.25,9.75],"texture":"#4"},"east":{"uv":[9.5,11.125,9.875,11.375],"texture":"#4"},"south":{"uv":[10.375,9.875,11.375,10.125],"texture":"#4"},"west":{"uv":[10,11.125,10.375,11.375],"texture":"#4"},"up":{"uv":[9.75,6.375,8.75,6],"texture":"#4"},"down":{"uv":[9.75,6.5,8.75,6.875],"texture":"#4"}}},{"from":[3.99818,0,-4.82795],"to":[11.99818,2,-1.82795],"rotation":{"angle":0,"axis":"y","origin":[8,8.23704,0.67205]},"faces":{"north":{"uv":[10.375,10.25,11.375,10.5],"texture":"#4"},"east":{"uv":[10.5,11.125,10.875,11.375],"texture":"#4"},"south":{"uv":[10.5,0,11.5,0.25],"texture":"#4"},"west":{"uv":[11.375,3.75,11.75,4],"texture":"#4"},"up":{"uv":[9.75,7.375,8.75,7],"texture":"#4"},"down":{"uv":[9.75,7.5,8.75,7.875],"texture":"#4"}}},{"from":[12.00018,0,-4.82795],"to":[15.00018,10,-1.82795],"rotation":{"angle":0,"axis":"y","origin":[8,8.23704,0.67205]},"faces":{"north":{"uv":[8.5,1.375,8.875,2.625],"texture":"#4"},"east":{"uv":[0,8.75,0.375,10],"texture":"#4"},"south":{"uv":[0.5,8.75,0.875,10],"texture":"#4"},"west":{"uv":[1,8.75,1.375,10],"texture":"#4"},"up":{"uv":[6.875,11.25,6.5,10.875],"texture":"#4"},"down":{"uv":[7.375,10.875,7,11.25],"texture":"#4"}}},{"from":[12.00018,0,-1.82795],"to":[15.00018,2,9.17205],"rotation":{"angle":0,"axis":"y","origin":[13.50018,1,3.67205]},"faces":{"north":{"uv":[11.375,4.125,11.75,4.375],"texture":"#4"},"east":{"uv":[8.75,9.5,10.125,9.75],"texture":"#4"},"south":{"uv":[11.375,4.5,11.75,4.75],"texture":"#4"},"west":{"uv":[9.625,2.625,11,2.875],"texture":"#4"},"up":{"uv":[8.125,5.75,7.75,4.375],"texture":"#4"},"down":{"uv":[8.125,7.75,7.75,6.375],"texture":"#4"}}},{"from":[12.00018,8,-1.82795],"to":[15.00018,10,9.17205],"rotation":{"angle":0,"axis":"y","origin":[13.50018,9,3.67205]},"faces":{"north":{"uv":[11.375,4.875,11.75,5.125],"texture":"#4"},"east":{"uv":[9.625,3,11,3.25],"texture":"#4"},"south":{"uv":[11.375,5.25,11.75,5.5],"texture":"#4"},"west":{"uv":[9.625,3.375,11,3.625],"texture":"#4"},"up":{"uv":[3.625,9.25,3.25,7.875],"texture":"#4"},"down":{"uv":[4.125,7.875,3.75,9.25],"texture":"#4"}}},{"from":[9.174,13.999,7.17105],"to":[12.176,16.001,18.17305],"rotation":{"angle":22.5,"axis":"z","origin":[13.5,14,12.67205]},"faces":{"north":{"uv":[11.375,5.625,11.75,5.875],"texture":"#4"},"east":{"uv":[6,9.625,7.375,9.875],"texture":"#4"},"south":{"uv":[6,11.375,6.375,11.625],"texture":"#4"},"west":{"uv":[3,9.75,4.375,10],"texture":"#4"},"up":{"uv":[4.625,9.25,4.25,7.875],"texture":"#4"},"down":{"uv":[5.125,7.875,4.75,9.25],"texture":"#4"}}},{"from":[11.999,-0.001,7.17105],"to":[15.001,2.001,18.17305],"rotation":{"angle":0,"axis":"y","origin":[1,0,4.17205]},"faces":{"north":{"uv":[6.5,11.375,6.875,11.625],"texture":"#4"},"east":{"uv":[4.5,9.75,5.875,10],"texture":"#4"},"south":{"uv":[7,11.375,7.375,11.625],"texture":"#4"},"west":{"uv":[1.5,9.875,2.875,10.125],"texture":"#4"},"up":{"uv":[5.625,9.25,5.25,7.875],"texture":"#4"},"down":{"uv":[6.125,7.875,5.75,9.25],"texture":"#4"}}},{"from":[10.4,13.61746,7.35599],"to":[11.4,14.61746,8.35599],"rotation":{"angle":0,"axis":"y","origin":[9.4,14.11746,7.35599]},"faces":{"north":{"uv":[5.25,2.875,5.375,3],"texture":"#4"},"east":{"uv":[5.5,2.875,5.625,3],"texture":"#4"},"south":{"uv":[5.75,2.875,5.875,3],"texture":"#4"},"west":{"uv":[6,2.875,6.125,3],"texture":"#4"},"up":{"uv":[3.125,9.25,3,9.125],"texture":"#4"},"down":{"uv":[6.125,9.375,6,9.5],"texture":"#4"}}},{"from":[9.4,10.61746,7.35599],"to":[10.4,14.61746,8.35599],"rotation":{"angle":0,"axis":"y","origin":[9.4,14.11746,7.35599]},"faces":{"north":{"uv":[1.5,7.25,1.625,7.75],"texture":"#4"},"east":{"uv":[1.5,7.875,1.625,8.375],"texture":"#4"},"south":{"uv":[1.5,8.5,1.625,9],"texture":"#4"},"west":{"uv":[7.5,11.375,7.625,11.875],"texture":"#4"},"up":{"uv":[9.75,3.875,9.625,3.75],"texture":"#4"},"down":{"uv":[8.625,9.625,8.5,9.75],"texture":"#4"}}},{"from":[15.6,10.38899,8.31363],"to":[15.6,12.46399,9.31363],"rotation":{"angle":0,"axis":"y","origin":[15.3,9.70774,7.91363]},"faces":{"north":{"uv":[2.875,10.25,2.875,10.5],"texture":"#4"},"east":{"uv":[5.5,11.5,5.625,11.75],"texture":"#4"},"south":{"uv":[2.875,10.625,2.875,10.875],"texture":"#4"},"west":{"uv":[5.75,11.5,5.875,11.75],"texture":"#4"},"up":{"uv":[10.5,2.5,10.5,2.375],"texture":"#4"},"down":{"uv":[10.625,2.375,10.625,2.5],"texture":"#4"}}},{"from":[15.6,10.38899,6.51363],"to":[15.6,12.46399,7.51363],"rotation":{"angle":0,"axis":"y","origin":[15.3,9.70774,7.91363]},"faces":{"north":{"uv":[8.75,11.5,8.75,11.75],"texture":"#4"},"east":{"uv":[11.5,6,11.625,6.25],"texture":"#4"},"south":{"uv":[8.875,11.5,8.875,11.75],"texture":"#4"},"west":{"uv":[11.5,6.375,11.625,6.625],"texture":"#4"},"up":{"uv":[10.75,2.5,10.75,2.375],"texture":"#4"},"down":{"uv":[10.875,2.375,10.875,2.5],"texture":"#4"}}},{"from":[15.1,6.93371,3.60838],"to":[15.1,9.93371,7.60838],"rotation":{"angle":22.5,"axis":"x","origin":[15.4,9.70774,7.91363]},"faces":{"north":{"uv":[9,11.5,9,11.875],"texture":"#4"},"east":{"uv":[10.5,0.375,11,0.75],"texture":"#4"},"south":{"uv":[9.125,11.5,9.125,11.875],"texture":"#4"},"west":{"uv":[10.5,0.875,11,1.25],"texture":"#4"},"up":{"uv":[9.25,12,9.25,11.5],"texture":"#4"},"down":{"uv":[9.375,11.5,9.375,12],"texture":"#4"}}},{"from":[15,6.98899,6.91363],"to":[16,8.98899,8.91363],"rotation":{"angle":0,"axis":"y","origin":[15.3,9.70774,7.91363]},"faces":{"north":{"uv":[11.5,6.75,11.625,7],"texture":"#4"},"east":{"uv":[7.75,11.375,8,11.625],"texture":"#4"},"south":{"uv":[11.5,7.125,11.625,7.375],"texture":"#4"},"west":{"uv":[11.375,8,11.625,8.25],"texture":"#4"},"up":{"uv":[11.625,7.75,11.5,7.5],"texture":"#4"},"down":{"uv":[8.625,11.5,8.5,11.75],"texture":"#4"}}},{"from":[14.6,8.98899,6.91363],"to":[16.6,10.98899,8.91363],"rotation":{"angle":0,"axis":"y","origin":[15.3,9.70774,7.91363]},"faces":{"north":{"uv":[8.125,11.375,8.375,11.625],"texture":"#4"},"east":{"uv":[11.375,8.375,11.625,8.625],"texture":"#4"},"south":{"uv":[11.375,8.75,11.625,9],"texture":"#4"},"west":{"uv":[11.375,9.125,11.625,9.375],"texture":"#4"},"up":{"uv":[11.625,9.75,11.375,9.5],"texture":"#4"},"down":{"uv":[11.25,11.375,11,11.625],"texture":"#4"}}},{"from":[15.1,6.93371,8.21887],"to":[15.1,9.93371,12.21887],"rotation":{"angle":-22.5,"axis":"x","origin":[15.4,9.70774,7.91363]},"faces":{"north":{"uv":[9.5,11.5,9.5,11.875],"texture":"#4"},"east":{"uv":[10.5,1.375,11,1.75],"texture":"#4"},"south":{"uv":[9.625,11.5,9.625,11.875],"texture":"#4"},"west":{"uv":[10.5,1.875,11,2.25],"texture":"#4"},"up":{"uv":[9.75,12,9.75,11.5],"texture":"#4"},"down":{"uv":[9.875,11.5,9.875,12],"texture":"#4"}}},{"from":[9.8,13.47196,2.1148],"to":[9.8,18.47196,6.1148],"rotation":{"angle":-45,"axis":"x","origin":[9.8,14.97196,4.6148]},"faces":{"north":{"uv":[11.5,9.875,11.5,10.5],"texture":"#4"},"east":{"uv":[9.875,4.25,10.375,4.875],"texture":"#4"},"south":{"uv":[10,11.5,10,12.125],"texture":"#4"},"west":{"uv":[9.875,5,10.375,5.625],"texture":"#4"},"up":{"uv":[10.125,12,10.125,11.5],"texture":"#4"},"down":{"uv":[10.25,11.5,10.25,12],"texture":"#4"}}},{"from":[9.8,13.47196,9.71246],"to":[9.8,18.47196,13.71246],"rotation":{"angle":45,"axis":"x","origin":[9.8,14.97196,11.21246]},"faces":{"north":{"uv":[10.375,11.5,10.375,12.125],"texture":"#4"},"east":{"uv":[9.875,5.75,10.375,6.375],"texture":"#4"},"south":{"uv":[10.5,11.5,10.5,12.125],"texture":"#4"},"west":{"uv":[9.875,6.5,10.375,7.125],"texture":"#4"},"up":{"uv":[10.625,12,10.625,11.5],"texture":"#4"},"down":{"uv":[11.5,10.625,11.5,11.125],"texture":"#4"}}},{"from":[11.901,12.28196,11.12642],"to":[12.899,15.27996,14.12442],"rotation":{"angle":22.5,"axis":"x","origin":[11.4,11.00596,12.87542]},"faces":{"north":{"uv":[8,5.875,8.125,6.25],"texture":"#4"},"east":{"uv":[0,11,0.375,11.375],"texture":"#4"},"south":{"uv":[11.375,11.375,11.5,11.75],"texture":"#4"},"west":{"uv":[0.5,11,0.875,11.375],"texture":"#4"},"up":{"uv":[0.125,11.875,0,11.5],"texture":"#4"},"down":{"uv":[0.375,11.5,0.25,11.875],"texture":"#4"}}},{"from":[11.901,12.28196,2.30284],"to":[12.899,15.27996,5.30084],"rotation":{"angle":-22.5,"axis":"x","origin":[11.4,11.00596,3.55184]},"faces":{"north":{"uv":[0.5,11.5,0.625,11.875],"texture":"#4"},"east":{"uv":[1,11,1.375,11.375],"texture":"#4"},"south":{"uv":[0.75,11.5,0.875,11.875],"texture":"#4"},"west":{"uv":[2.5,11,2.875,11.375],"texture":"#4"},"up":{"uv":[1.125,11.875,1,11.5],"texture":"#4"},"down":{"uv":[1.375,11.5,1.25,11.875],"texture":"#4"}}},{"from":[6.6,15.92073,9.02663],"to":[6.6,20.92073,13.02663],"rotation":{"angle":45,"axis":"x","origin":[5.2,15.03484,8.05182]},"faces":{"north":{"uv":[10.75,11.5,10.75,12.125],"texture":"#4"},"east":{"uv":[9.875,7.25,10.375,7.875],"texture":"#4"},"south":{"uv":[10.875,11.5,10.875,12.125],"texture":"#4"},"west":{"uv":[8.5,9.875,9,10.5],"texture":"#4"},"up":{"uv":[11.625,0.5,11.625,0],"texture":"#4"},"down":{"uv":[11.625,0.625,11.625,1.125],"texture":"#4"}}},{"from":[3.301,12.79485,5.0606],"to":[4.299,15.79285,8.0586],"rotation":{"angle":45,"axis":"x","origin":[5.2,12.73484,8.05182]},"faces":{"north":{"uv":[1.5,11.5,1.625,11.875],"texture":"#4"},"east":{"uv":[3,11,3.375,11.375],"texture":"#4"},"south":{"uv":[1.75,11.5,1.875,11.875],"texture":"#4"},"west":{"uv":[3.5,11,3.875,11.375],"texture":"#4"},"up":{"uv":[2.125,11.875,2,11.5],"texture":"#4"},"down":{"uv":[2.375,11.5,2.25,11.875],"texture":"#4"}}},{"from":[6.6,15.72529,3.27245],"to":[6.6,20.72529,7.27245],"rotation":{"angle":-45,"axis":"x","origin":[5.2,15.03484,8.05182]},"faces":{"north":{"uv":[11.625,1.25,11.625,1.875],"texture":"#4"},"east":{"uv":[9.125,9.875,9.625,10.5],"texture":"#4"},"south":{"uv":[11.625,2,11.625,2.625],"texture":"#4"},"west":{"uv":[9.75,9.875,10.25,10.5],"texture":"#4"},"up":{"uv":[11.625,3.25,11.625,2.75],"texture":"#4"},"down":{"uv":[11.625,9.875,11.625,10.375],"texture":"#4"}}},{"from":[3.501,14.43455,0.80462],"to":[4.499,17.43255,3.80262],"rotation":{"angle":-22.5,"axis":"x","origin":[5.2,15.03484,8.05182]},"faces":{"north":{"uv":[2.5,11.5,2.625,11.875],"texture":"#4"},"east":{"uv":[4,11,4.375,11.375],"texture":"#4"},"south":{"uv":[2.75,11.5,2.875,11.875],"texture":"#4"},"west":{"uv":[4.5,11,4.875,11.375],"texture":"#4"},"up":{"uv":[3.125,11.875,3,11.5],"texture":"#4"},"down":{"uv":[3.375,11.5,3.25,11.875],"texture":"#4"}}},{"from":[3.501,14.31071,12.00206],"to":[4.499,17.30871,15.00006],"rotation":{"angle":22.5,"axis":"x","origin":[5.2,15.03484,8.05182]},"faces":{"north":{"uv":[3.5,11.5,3.625,11.875],"texture":"#4"},"east":{"uv":[5,11,5.375,11.375],"texture":"#4"},"south":{"uv":[3.75,11.5,3.875,11.875],"texture":"#4"},"west":{"uv":[5.5,11,5.875,11.375],"texture":"#4"},"up":{"uv":[4.125,11.875,4,11.5],"texture":"#4"},"down":{"uv":[4.375,11.5,4.25,11.875],"texture":"#4"}}},{"from":[12.101,7.5944,20.50561],"to":[13.099,10.5924,23.50361],"rotation":{"angle":-45,"axis":"x","origin":[12.9,-4.9066,8.00461]},"faces":{"north":{"uv":[4.5,11.5,4.625,11.875],"texture":"#4"},"east":{"uv":[11,6.25,11.375,6.625],"texture":"#4"},"south":{"uv":[4.75,11.5,4.875,11.875],"texture":"#4"},"west":{"uv":[11,6.75,11.375,7.125],"texture":"#4"},"up":{"uv":[5.125,11.875,5,11.5],"texture":"#4"},"down":{"uv":[5.375,11.5,5.25,11.875],"texture":"#4"}}}],"gui_light":"front","display":{"thirdperson_righthand":{"rotation":[68,84,0],"translation":[1.75,-0.75,0.25],"scale":[0.3,0.3,0.3]},"thirdperson_lefthand":{"rotation":[68,-84,0],"translation":[1.75,-0.25,0.25],"scale":[0.3,0.3,0.3]},"firstperson_righthand":{"rotation":[0,85,0],"translation":[-1.5,-1.5,-2.5],"scale":[0.5,0.5,0.5]},"firstperson_lefthand":{"rotation":[0,-85,0],"translation":[-1.5,-1.5,-2.5],"scale":[0.5,0.5,0.5]},"ground":{"rotation":[-45,0,0],"translation":[0,3.25,0],"scale":[0.5,0.5,0.5]},"gui":{"rotation":[15.5,-65,0],"translation":[0.25,0,-1.25],"scale":[0.58,0.58,0.58]},"head":{"rotation":[0,-90,0],"translation":[0,-27.1,0],"scale":[2,2,2]},"fixed":{"rotation":[-90,90,90],"translation":[0.5,-0.25,-1.25],"scale":[0.8,0.8,0.8]}}}