{"sources":[{"type":"directory","source":"bat","prefix":"bat/"},{"type":"directory","source":"bat_armor","prefix":"bat_armor/"},{"type":"directory","source":"frosty","prefix":"frosty/"},{"type":"directory","source":"frosty_armor","prefix":"frosty_armor/"},{"type":"directory","source":"valentine","prefix":"valentine/"},{"type":"directory","source":"v_armor","prefix":"v_armor/"},{"type":"directory","source":"poison","prefix":"poison/"},{"type":"directory","source":"monsterisles","prefix":"monsterisles/"},{"type":"single","resource":"minecraft:guis/shopgui/set64"},{"type":"single","resource":"starplushieia:txt/plushie_cave_spider_texture"},{"type":"single","resource":"custom:frosty_armor/frosty_boots"},{"type":"single","resource":"starplushieia:txt/nm_plushie_ilovemoo_texture"},{"type":"single","resource":"_iainternal:icons/icon_left_blue"},{"type":"single","resource":"starplushieia:txt/nm_plushie_elf_yellow_texture"},{"type":"single","resource":"custom:frosty_armor/frosty_chestplate"},{"type":"single","resource":"custom:bat_armor/bat_leggings"},{"type":"single","resource":"starplushieia:txt/plushie_stray_texture"},{"type":"single","resource":"custom:bat_armor/bat_elytra"},{"type":"single","resource":"custom:frosty/wintercow_axe2"},{"type":"single","resource":"minecraft:guis/shopgui/music_disc"},{"type":"single","resource":"custom:bat_armor/bat_helmet"},{"type":"single","resource":"starplushieia:txt/nm_plushie_puppy_golden_texture"},{"type":"single","resource":"starplushieia:txt/plushie_sniffer"},{"type":"single","resource":"custom:valentine/v_shovel"},{"type":"single","resource":"minecraft:guis/shopgui/flower"},{"type":"single","resource":"starplushieia:txt/nm_plushie_cupid_texture"},{"type":"single","resource":"starplushieia:txt/nm_plushie_elf_red_texture"},{"type":"single","resource":"_iainternal:icons/icon_next_orange"},{"type":"single","resource":"starplushieia:txt/nm_plushie_octopus_pink_texture"},{"type":"single","resource":"custom:valentine/v_axe"},{"type":"single","resource":"starplushieia:txt/nm_plushie_frosty_texture"},{"type":"single","resource":"custom:bat/bat_crossbow"},{"type":"single","resource":"starplushieia:txt/wumpusplushtxt"},{"type":"single","resource":"starplushieia:txt/nm_plushie_gingerbread_man_texture"},{"type":"single","resource":"crates:frosty/frosty_crate2024_txt"},{"type":"single","resource":"minecraft:guis/shopgui/plus10"},{"type":"single","resource":"starplushieia:txt/plushie_turtle"},{"type":"single","resource":"nogs_menagerie_icons:icons/mcbook"},{"type":"single","resource":"starplushieia:txt/plushie_magma_cube_texture"},{"type":"single","resource":"custom:bat/bat_bow"},{"type":"single","resource":"custom:bat/bat_rod"},{"type":"single","resource":"starplushieia:txt/nm_plushie_robin_texture"},{"type":"single","resource":"minecraft:guis/shopgui/minus1"},{"type":"single","resource":"starplushieia:txt/plushie_witch"},{"type":"single","resource":"custom:v_armor/v_chestplate"},{"type":"single","resource":"custom:bat_armor/bat_pauldrons"},{"type":"single","resource":"custom:bat/bat_axe"},{"type":"single","resource":"_iainternal:icons/icon_cancel"},{"type":"single","resource":"starplushieia:txt/plushie_glow_squid_texture"},{"type":"single","resource":"custom:v_armor/v_leggings"},{"type":"single","resource":"custom:frosty/wintercow_hoe"},{"type":"single","resource":"custom:valentine/v_rod"},{"type":"single","resource":"starplushieia:txt/plushie_zombie"},{"type":"single","resource":"starplushieia:txt/nm_plushie_octopus_blue_texture"},{"type":"single","resource":"custom:valentine/v_bow"},{"type":"single","resource":"starplushieia:txt/plushie_drowned_texture"},{"type":"single","resource":"_iainternal:icons/icon_arrow_chest"},{"type":"single","resource":"starplushieia:txt/nm_plushie_puppy_patchy_texture"},{"type":"single","resource":"starplushieia:txt/pinkpony_txt"},{"type":"single","resource":"minecraft:guis/shopgui/blocks"},{"type":"single","resource":"starplushieia:txt/plushie_squid"},{"type":"single","resource":"custom:frosty/wintercow_axe"},{"type":"single","resource":"minecraft:guis/shopgui/spawner"},{"type":"single","resource":"custom:bat/bat_sword"},{"type":"single","resource":"custom:frosty/wintercow_crossbow"},{"type":"single","resource":"custom:frosty_armor/frosty_elytra"},{"type":"single","resource":"guis/pixel"},{"type":"single","resource":"custom:valentine/vb_axe"},{"type":"single","resource":"starplushieia:txt/plushie_phantom"},{"type":"single","resource":"minecraft:guis/shopgui/cake"},{"type":"single","resource":"nogs_menagerie_icons:icons/reward"},{"type":"single","resource":"starplushieia:txt/nm_plushie_santa_texture"},{"type":"single","resource":"custom:frosty/wintercow_chest"},{"type":"single","resource":"starplushieia:txt/plushie_enderman"},{"type":"single","resource":"starplushieia:txt/plushie_spider"},{"type":"single","resource":"nogs_menagerie_icons:icons/next"},{"type":"single","resource":"custom:bat/bat_shovel"},{"type":"single","resource":"starplushieia:txt/nm_plushie_mrs_claus_texture"},{"type":"single","resource":"starplushieia:txt/nm_plushie_teddy_brown_texture"},{"type":"single","resource":"starplushieia:txt/plushie_zoglin"},{"type":"single","resource":"nogs_menagerie_icons:icons/back"},{"type":"single","resource":"custom:frosty/wintercow_pickaxe"},{"type":"single","resource":"starplushieia:txt/plushie_creeper"},{"type":"single","resource":"custom:bat/bat_pickaxe"},{"type":"single","resource":"minecraft:guis/shopgui/farming"},{"type":"single","resource":"minecraft:guis/shopgui/set1"},{"type":"single","resource":"custom:v_armor/v_elytra"},{"type":"single","resource":"custom:frosty/wintercow_shovel"},{"type":"single","resource":"starplushieia:txt/plushie_rabbit"},{"type":"single","resource":"starplushieia:txt/nm_plushie_penguin_texture"},{"type":"single","resource":"custom:bat/bat_chest"},{"type":"single","resource":"starplushieia:txt/plushie_polar_bear"},{"type":"single","resource":"custom:frosty/wintercow_sword"},{"type":"single","resource":"custom:v_armor/v_helmet"},{"type":"single","resource":"minecraft:guis/shopgui/question_mark"},{"type":"single","resource":"custom:frosty/wintercow_bow"},{"type":"single","resource":"starplushieia:txt/nm_plushie_octopus_cream_texture"},{"type":"single","resource":"starplushieia:txt/plushie_frog"},{"type":"single","resource":"minecraft:guis/shopgui/plus1"},{"type":"single","resource":"starplushieia:txt/plushie_husk_texture"},{"type":"single","resource":"starplushieia:txt/plushlockedtxt"},{"type":"single","resource":"starplushieia:txt/plushie_ghast"},{"type":"single","resource":"starplushieia:txt/plushie_wither_skeleton"},{"type":"single","resource":"starplushieia:txt/plushie_axolotl"},{"type":"single","resource":"starplushieia:txt/nm_plushie_rudolph_texture"},{"type":"single","resource":"starplushieia:txt/plushie_fox"},{"type":"single","resource":"custom:bat/bat_hoe"},{"type":"single","resource":"starplushieia:txt/plushie_strider_texture"},{"type":"single","resource":"minecraft:guis/shopgui/piston"},{"type":"single","resource":"starplushieia:txt/plushie_hoglin_texture"},{"type":"single","resource":"custom:frosty_armor/frosty_leggings"},{"type":"single","resource":"starplushieia:txt/plushie_parrot"},{"type":"single","resource":"minecraft:guis/shopgui/ruby"},{"type":"single","resource":"starplushieia:txt/nm_plushie_mr_cuddles_texture"},{"type":"single","resource":"custom:valentine/v_sword"},{"type":"single","resource":"starplushieia:txt/plushie_dolphin"},{"type":"single","resource":"starplushieia:txt/nm_plushie_reindeer_texture"},{"type":"single","resource":"pins:icons/reindeer"},{"type":"single","resource":"starplushieia:txt/plushie_elder_guardian_texture"},{"type":"single","resource":"custom:frosty/wintercow_shield"},{"type":"single","resource":"starplushieia:txt/plushie_skeleton"},{"type":"single","resource":"starplushieia:txt/nm_plushie_teddy_pink_texture"},{"type":"single","resource":"starplushieia:txt/plushie_guardian_texture"},{"type":"single","resource":"starplushieia:txt/plushie_camel"},{"type":"single","resource":"starplushieia:txt/plushie_blaze_texture"},{"type":"single","resource":"custom:valentine/v_hoe"},{"type":"single","resource":"custom:bat_armor/bat_boots"},{"type":"single","resource":"_iainternal:icons/icon_back_orange"},{"type":"single","resource":"custom:bat/bat_shield"},{"type":"single","resource":"starplushieia:txt/plushie_llama_texture"},{"type":"single","resource":"minecraft:guis/shopgui/home"},{"type":"single","resource":"custom:frosty/wintercow_rod"},{"type":"single","resource":"crates:val/val_crate_txt2025"},{"type":"single","resource":"starplushieia:txt/plushie_bee"},{"type":"single","resource":"custom:v_armor/v_boots"},{"type":"single","resource":"custom:frosty_armor/frosty_helmet"},{"type":"single","resource":"starplushieia:txt/nm_plushie_teddy_blue_texture"},{"type":"single","resource":"_iainternal:icons/icon_search"},{"type":"single","resource":"_iainternal:icons/icon_right_blue"},{"type":"single","resource":"starplushieia:txt/plushdisplaystevetxt"},{"type":"single","resource":"custom:valentine/v_pickaxe"},{"type":"single","resource":"custom:valentine/v_key"},{"type":"single","resource":"starplushieia:txt/plushie_armadillo_texture"},{"type":"single","resource":"starplushieia:txt/plushie_zombified_piglin_texture"},{"type":"single","resource":"starplushieia:txt/plushie_piglin_brute_texture"},{"type":"single","resource":"crates:bat/bat_crate_txt2024"},{"type":"single","resource":"custom:valentine/v_crossbow"},{"type":"single","resource":"starplushieia:txt/plushie_pufferfish"},{"type":"single","resource":"starplushieia:txt/plushie_piglin_texture"},{"type":"single","resource":"minecraft:guis/shopgui/minus10"},{"type":"single","resource":"starplushieia:txt/nm_plushie_octopus_brown_texture"},{"type":"single","resource":"starplushieia:txt/plushie_panda"},{"type":"single","resource":"custom:valentine/v_chest"},{"type":"single","resource":"custom:valentine/v_shield"},{"type":"single","resource":"minecraft:guis/shopgui/bone"}]}