{"credit":"Made by Nog's Menagerie","texture_size":[64,64],"textures":{"0":"starplushieia:txt/plushie_polar_bear","particle":"starplushieia:txt/plushie_polar_bear"},"elements":[{"name":"head","from":[4.5,0,1.5],"to":[11.5,6,5.5],"rotation":{"angle":0,"axis":"y","origin":[8,2.0045,7.10355]},"faces":{"north":{"uv":[5,0,6.75,1.5],"texture":"#0"},"east":{"uv":[5,6.25,6,7.75],"texture":"#0"},"south":{"uv":[5,4.75,6.75,6.25],"texture":"#0"},"west":{"uv":[6,6.25,7,7.75],"texture":"#0"},"up":{"uv":[6.75,2.5,5,1.5],"texture":"#0"},"down":{"uv":[7.25,2.5,5.5,3.5],"texture":"#0"}}},{"name":"head","from":[6,0,-1.5],"to":[10,3,1.5],"rotation":{"angle":0,"axis":"y","origin":[8,2.0045,7.10355]},"faces":{"north":{"uv":[2.5,7.5,3.5,8.25],"texture":"#0"},"east":{"uv":[8,3.5,8.75,4.25],"texture":"#0"},"south":{"uv":[3.5,7.5,4.5,8.25],"texture":"#0"},"west":{"uv":[8,4.25,8.75,5],"texture":"#0"},"up":{"uv":[1,8.5,0,7.75],"texture":"#0"},"down":{"uv":[5.5,7.75,4.5,8.5],"texture":"#0"}}},{"name":"head","from":[3.5,5,2.5],"to":[5.5,7,3.5],"rotation":{"angle":0,"axis":"y","origin":[8,2.0045,7.10355]},"faces":{"north":{"uv":[6.75,2,7.25,2.5],"texture":"#0"},"east":{"uv":[6.75,5.75,7,6.25],"texture":"#0"},"south":{"uv":[1.75,8.25,2.25,8.75],"texture":"#0"},"west":{"uv":[1,7.75,1.25,8.25],"texture":"#0"},"up":{"uv":[5.5,2.75,5,2.5],"texture":"#0"},"down":{"uv":[6,4.5,5.5,4.75],"texture":"#0"}}},{"name":"head","from":[10.5,5,2.5],"to":[12.5,7,3.5],"rotation":{"angle":0,"axis":"y","origin":[8,2.0045,7.10355]},"faces":{"north":{"uv":[2.25,8.25,2.75,8.75],"texture":"#0"},"east":{"uv":[4.25,8.25,4.5,8.75],"texture":"#0"},"south":{"uv":[2.75,8.25,3.25,8.75],"texture":"#0"},"west":{"uv":[0,8.5,0.25,9],"texture":"#0"},"up":{"uv":[6.5,4.75,6,4.5],"texture":"#0"},"down":{"uv":[5,7.5,4.5,7.75],"texture":"#0"}}},{"name":"torso","from":[3,0,5.5],"to":[13,8,16.5],"rotation":{"angle":0,"axis":"y","origin":[8,2.0045,7.10355]},"faces":{"north":{"uv":[0,4.75,2.5,6.75],"texture":"#0"},"east":{"uv":[0,2.75,2.75,4.75],"texture":"#0"},"south":{"uv":[2.5,4.75,5,6.75],"texture":"#0"},"west":{"uv":[2.75,2.75,5.5,4.75],"texture":"#0"},"up":{"uv":[2.5,2.75,0,0],"texture":"#0"},"down":{"uv":[5,0,2.5,2.75],"texture":"#0"}}},{"name":"torso","from":[7,3.6818,15.53536],"to":[9,5.6818,17.53536],"rotation":{"angle":-45,"axis":"x","origin":[8,4.1818,16.53536]},"faces":{"north":{"uv":[3.25,8.25,3.75,8.75],"texture":"#0"},"east":{"uv":[3.75,8.25,4.25,8.75],"texture":"#0"},"south":{"uv":[8.25,5.75,8.75,6.25],"texture":"#0"},"west":{"uv":[8.25,6.25,8.75,6.75],"texture":"#0"},"up":{"uv":[8.75,7.25,8.25,6.75],"texture":"#0"},"down":{"uv":[8.75,7.25,8.25,7.75],"texture":"#0"}}},{"name":"left_leg","from":[-0.66282,0.009,12.99603],"to":[4.33718,4.009,15.99603],"rotation":{"angle":22.5,"axis":"y","origin":[4.33718,1.009,14.49603]},"faces":{"north":{"uv":[5.5,3.5,6.75,4.5],"texture":"#0"},"east":{"uv":[5.5,7.75,6.25,8.75],"texture":"#0"},"south":{"uv":[0,6.75,1.25,7.75],"texture":"#0"},"west":{"uv":[6.25,7.75,7,8.75],"texture":"#0"},"up":{"uv":[2.5,7.5,1.25,6.75],"texture":"#0"},"down":{"uv":[3.75,6.75,2.5,7.5],"texture":"#0"}}},{"name":"left_arm","from":[-0.54645,0.009,6.68436],"to":[4.45355,3.009,9.68436],"rotation":{"angle":-22.5,"axis":"y","origin":[8,2.0045,7.10355]},"faces":{"north":{"uv":[6.75,3.5,8,4.25],"texture":"#0"},"east":{"uv":[8,5,8.75,5.75],"texture":"#0"},"south":{"uv":[3.75,6.75,5,7.5],"texture":"#0"},"west":{"uv":[7,8,7.75,8.75],"texture":"#0"},"up":{"uv":[8,5,6.75,4.25],"texture":"#0"},"down":{"uv":[8,5,6.75,5.75],"texture":"#0"}}},{"name":"left_leg","from":[11.66282,0.009,12.99603],"to":[16.66282,4.009,15.99603],"rotation":{"angle":-22.5,"axis":"y","origin":[11.66282,1.009,14.49603]},"faces":{"north":{"uv":[6.75,0,8,1],"texture":"#0"},"east":{"uv":[8,0,8.75,1],"texture":"#0"},"south":{"uv":[6.75,1,8,2],"texture":"#0"},"west":{"uv":[8,1,8.75,2],"texture":"#0"},"up":{"uv":[8.25,6.5,7,5.75],"texture":"#0"},"down":{"uv":[8.25,6.5,7,7.25],"texture":"#0"}}},{"name":"left_arm","from":[11.54645,0.009,6.68436],"to":[16.54645,3.009,9.68436],"rotation":{"angle":22.5,"axis":"y","origin":[8,2.0045,7.10355]},"faces":{"north":{"uv":[7.25,2,8.5,2.75],"texture":"#0"},"east":{"uv":[7.75,8,8.5,8.75],"texture":"#0"},"south":{"uv":[7.25,2.75,8.5,3.5],"texture":"#0"},"west":{"uv":[1,8.25,1.75,9],"texture":"#0"},"up":{"uv":[8.25,8,7,7.25],"texture":"#0"},"down":{"uv":[2.5,7.5,1.25,8.25],"texture":"#0"}}}],"display":{"thirdperson_righthand":{"rotation":[71,43,0],"translation":[0,0.75,1.75],"scale":[0.65,0.65,0.65]},"thirdperson_lefthand":{"rotation":[71,43,0],"translation":[0,0.75,1.75],"scale":[0.65,0.65,0.65]},"firstperson_righthand":{"rotation":[0,109,5],"translation":[3.25,8,0],"scale":[0.72,0.72,0.72]},"firstperson_lefthand":{"rotation":[0,109,5],"translation":[3.25,8,0],"scale":[0.72,0.72,0.72]},"ground":{"translation":[0,3.5,0],"scale":[0.65,0.65,0.65]},"gui":{"rotation":[25,151,0],"translation":[-0.75,2.75,0],"scale":[0.72,0.72,0.72]},"head":{"translation":[0,14.4,0]},"fixed":{"rotation":[-90,0,0],"translation":[0,0,-13.5],"scale":[1.7,1.7,1.7]}}}