{"credit":"Made by Nog's Menagerie","texture_size":[64,64],"textures":{"0":"starplushieia:txt/plushie_camel","particle":"starplushieia:txt/plushie_camel"},"elements":[{"name":"head","from":[6,0,0.75],"to":[10,4,5.75],"rotation":{"angle":0,"axis":"y","origin":[8,2.0045,6.35355]},"faces":{"north":{"uv":[6,0,7,1],"texture":"#0"},"east":{"uv":[4,1.5,5.25,2.5],"texture":"#0"},"south":{"uv":[6,5.5,7,6.5],"texture":"#0"},"west":{"uv":[0,5,1.25,6],"texture":"#0"},"up":{"uv":[6,1.25,5,0],"texture":"#0"},"down":{"uv":[2.25,5,1.25,6.25],"texture":"#0"}}},{"name":"head","from":[6.025,4,0.75],"to":[9.975,7,4.75],"rotation":{"angle":0,"axis":"y","origin":[8,8.64645,1]},"faces":{"north":{"uv":[7,6.5,8,7.25],"texture":"#0"},"east":{"uv":[0.5,7.25,1.5,8],"texture":"#0"},"south":{"uv":[1.5,7.25,2.5,8],"texture":"#0"},"west":{"uv":[7.25,2.25,8.25,3],"texture":"#0"},"up":{"uv":[1.5,7.25,0.5,6.25],"texture":"#0"},"down":{"uv":[7,6.5,6,7.5],"texture":"#0"}}},{"name":"head","from":[6,5.38252,0.11837],"to":[10,8.38252,4.11837],"rotation":{"angle":-22.5,"axis":"x","origin":[8,7.77897,0.36837]},"faces":{"north":{"uv":[2.5,7.25,3.5,8],"texture":"#0"},"east":{"uv":[7.25,3,8.25,3.75],"texture":"#0"},"south":{"uv":[7.25,3.75,8.25,4.5],"texture":"#0"},"west":{"uv":[7,7.25,8,8],"texture":"#0"},"up":{"uv":[8,1,7,0],"texture":"#0"},"down":{"uv":[8,5.5,7,6.5],"texture":"#0"}}},{"name":"ears","from":[9.52678,9.02616,1.59534],"to":[10.52678,11.02616,3.59534],"rotation":{"angle":-22.5,"axis":"z","origin":[8.92678,10.47616,1.14534]},"faces":{"north":{"uv":[4.75,6.25,5,6.75],"texture":"#0"},"east":{"uv":[2.5,8,3,8.5],"texture":"#0"},"south":{"uv":[5.75,7.75,6,8.25],"texture":"#0"},"west":{"uv":[3,8,3.5,8.5],"texture":"#0"},"up":{"uv":[8.5,3,8.25,2.5],"texture":"#0"},"down":{"uv":[8.5,3,8.25,3.5],"texture":"#0"}}},{"name":"ears","from":[5.47322,9.02616,1.59534],"to":[6.47322,11.02616,3.59534],"rotation":{"angle":22.5,"axis":"z","origin":[7.07322,10.47616,1.14534]},"faces":{"north":{"uv":[3.5,8.25,3.75,8.75],"texture":"#0"},"east":{"uv":[8,5.25,8.5,5.75],"texture":"#0"},"south":{"uv":[8.25,3.5,8.5,4],"texture":"#0"},"west":{"uv":[8,5.75,8.5,6.25],"texture":"#0"},"up":{"uv":[4,8.75,3.75,8.25],"texture":"#0"},"down":{"uv":[4.25,8.25,4,8.75],"texture":"#0"}}},{"name":"head","from":[6.5,5.38252,-2.88163],"to":[9.5,8.38252,0.11837],"rotation":{"angle":-22.5,"axis":"x","origin":[8,7.77897,0.36837]},"faces":{"north":{"uv":[3.5,7.5,4.25,8.25],"texture":"#0"},"east":{"uv":[6,7.5,6.75,8.25],"texture":"#0"},"south":{"uv":[4.25,7.75,5,8.5],"texture":"#0"},"west":{"uv":[7.75,4.5,8.5,5.25],"texture":"#0"},"up":{"uv":[5.75,8.5,5,7.75],"texture":"#0"},"down":{"uv":[8.75,0,8,0.75],"texture":"#0"}}},{"name":"torso","from":[4,0,5.75],"to":[12,5,15.75],"rotation":{"angle":0,"axis":"y","origin":[8,2.0045,6.35355]},"faces":{"north":{"uv":[0,3.75,2,5],"texture":"#0"},"east":{"uv":[0,2.5,2.5,3.75],"texture":"#0"},"south":{"uv":[2,3.75,4,5],"texture":"#0"},"west":{"uv":[2.5,2.5,5,3.75],"texture":"#0"},"up":{"uv":[2,2.5,0,0],"texture":"#0"},"down":{"uv":[4,0,2,2.5],"texture":"#0"}}},{"name":"torso","from":[6,5,7.75],"to":[10,7,13.75],"rotation":{"angle":0,"axis":"y","origin":[8,2.0045,6.35355]},"faces":{"north":{"uv":[0.5,8,1.5,8.5],"texture":"#0"},"east":{"uv":[7.5,1,9,1.5],"texture":"#0"},"south":{"uv":[1.5,8,2.5,8.5],"texture":"#0"},"west":{"uv":[7.5,1.5,9,2],"texture":"#0"},"up":{"uv":[5,1.5,4,0],"texture":"#0"},"down":{"uv":[5,3.75,4,5.25],"texture":"#0"}}},{"name":"torso","from":[6.5,0.37114,15.21391],"to":[9.5,4.37114,16.21391],"rotation":{"angle":-22.5,"axis":"x","origin":[8,3.12114,16.13891]},"faces":{"north":{"uv":[1.5,6.25,2.25,7.25],"texture":"#0"},"east":{"uv":[4.75,5.25,5,6.25],"texture":"#0"},"south":{"uv":[4.75,6.75,5.5,7.75],"texture":"#0"},"west":{"uv":[6.75,7.5,7,8.5],"texture":"#0"},"up":{"uv":[6,2.5,5.25,2.25],"texture":"#0"},"down":{"uv":[1.25,6,0.5,6.25],"texture":"#0"}}},{"name":"left_arm","from":[11.4998,0.009,1.53821],"to":[13.4998,2.009,10.53821],"rotation":{"angle":-22.5,"axis":"y","origin":[13.9998,1.509,5.03821]},"faces":{"north":{"uv":[8,6.25,8.5,6.75],"texture":"#0"},"east":{"uv":[5,2.5,7.25,3],"texture":"#0"},"south":{"uv":[8,6.75,8.5,7.25],"texture":"#0"},"west":{"uv":[5,3,7.25,3.5],"texture":"#0"},"up":{"uv":[2.75,7.25,2.25,5],"texture":"#0"},"down":{"uv":[3.25,5,2.75,7.25],"texture":"#0"}}},{"name":"left_arm","from":[11.83678,0.01,7.0159],"to":[13.83678,2.01,16.0159],"rotation":{"angle":-22.5,"axis":"y","origin":[13.58678,1,11.2659]},"faces":{"north":{"uv":[7,8,7.5,8.5],"texture":"#0"},"east":{"uv":[5,3.5,7.25,4],"texture":"#0"},"south":{"uv":[8,7.25,8.5,7.75],"texture":"#0"},"west":{"uv":[5,4,7.25,4.5],"texture":"#0"},"up":{"uv":[3.75,7.25,3.25,5],"texture":"#0"},"down":{"uv":[5.5,4.5,5,6.75],"texture":"#0"}}},{"name":"left_arm","from":[2.16322,0.01,7.0159],"to":[4.16322,2.01,16.0159],"rotation":{"angle":22.5,"axis":"y","origin":[2.41322,1,11.2659]},"faces":{"north":{"uv":[7.5,8,8,8.5],"texture":"#0"},"east":{"uv":[5.25,1.25,7.5,1.75],"texture":"#0"},"south":{"uv":[8,7.75,8.5,8.25],"texture":"#0"},"west":{"uv":[5.25,1.75,7.5,2.25],"texture":"#0"},"up":{"uv":[4.25,7.5,3.75,5.25],"texture":"#0"},"down":{"uv":[4.75,5.25,4.25,7.5],"texture":"#0"}}},{"name":"left_arm","from":[2.5002,0.009,1.53821],"to":[4.5002,2.009,10.53821],"rotation":{"angle":22.5,"axis":"y","origin":[2.0002,1.509,5.03821]},"faces":{"north":{"uv":[0,8.25,0.5,8.75],"texture":"#0"},"east":{"uv":[5.5,4.5,7.75,5],"texture":"#0"},"south":{"uv":[8.25,2,8.75,2.5],"texture":"#0"},"west":{"uv":[5.5,5,7.75,5.5],"texture":"#0"},"up":{"uv":[6,7.75,5.5,5.5],"texture":"#0"},"down":{"uv":[0.5,6,0,8.25],"texture":"#0"}}}],"display":{"thirdperson_righthand":{"rotation":[71,43,0],"translation":[0,0.75,2.25],"scale":[0.71,0.71,0.71]},"thirdperson_lefthand":{"rotation":[71,43,0],"translation":[0,0.75,2.25],"scale":[0.71,0.71,0.71]},"firstperson_righthand":{"rotation":[0,109,5],"translation":[3.25,8,0],"scale":[0.8,0.8,0.8]},"firstperson_lefthand":{"rotation":[0,109,5],"translation":[3.25,8,0],"scale":[0.8,0.8,0.8]},"ground":{"translation":[0,3.5,0],"scale":[0.65,0.65,0.65]},"gui":{"rotation":[25,151,0],"translation":[0.75,3.5,0],"scale":[0.84,0.84,0.84]},"head":{"translation":[0,14.4,0]},"fixed":{"rotation":[-90,0,0],"translation":[0,0,-13.5],"scale":[1.7,1.7,1.7]}}}