{"credit":"Made by Nog's Menagerie","texture_size":[32,32],"textures":{"0":"starplushieia:txt/plushie_bee","particle":"starplushieia:txt/plushie_bee"},"elements":[{"name":"head","from":[10,4,1],"to":[10,6,4],"rotation":{"angle":0,"axis":"y","origin":[8,2.0045,6.85355]},"faces":{"north":{"uv":[0,0,0,1],"texture":"#0"},"east":{"uv":[5,8,6.5,9],"texture":"#0"},"south":{"uv":[0,0,0,1],"texture":"#0"},"west":{"uv":[0,9,1.5,10],"texture":"#0"},"up":{"uv":[0,1.5,0,0],"texture":"#0"},"down":{"uv":[0,0,0,1.5],"texture":"#0"}}},{"name":"head","from":[6,4,1],"to":[6,6,4],"rotation":{"angle":0,"axis":"y","origin":[8,2.0045,6.85355]},"faces":{"north":{"uv":[0,0,0,1],"texture":"#0"},"east":{"uv":[1.5,9,3,10],"texture":"#0"},"south":{"uv":[0,0,0,1],"texture":"#0"},"west":{"uv":[9,3,10.5,4],"texture":"#0"},"up":{"uv":[0,1.5,0,0],"texture":"#0"},"down":{"uv":[0,0,0,1.5],"texture":"#0"}}},{"name":"head","from":[5,0,4],"to":[11,6,12],"rotation":{"angle":0,"axis":"y","origin":[8,2.0045,6.85355]},"faces":{"north":{"uv":[0,6,3,9],"texture":"#0"},"east":{"uv":[0,0,4,3],"texture":"#0"},"south":{"uv":[7,0,10,3],"texture":"#0"},"west":{"uv":[0,3,4,6],"texture":"#0"},"up":{"uv":[7,4,4,0],"texture":"#0"},"down":{"uv":[7,4,4,8],"texture":"#0"}}},{"name":"horn_left","from":[2.5,6.01,6],"to":[6.5,6.01,10],"rotation":{"angle":22.5,"axis":"y","origin":[4.5,6.01,8]},"faces":{"north":{"uv":[0,0,2,0],"texture":"#0"},"east":{"uv":[0,0,2,0],"texture":"#0"},"south":{"uv":[0,0,2,0],"texture":"#0"},"west":{"uv":[0,0,2,0],"texture":"#0"},"up":{"uv":[9,5,7,3],"texture":"#0"},"down":{"uv":[9,5,7,7],"texture":"#0"}}},{"name":"horn_left","from":[9.5,6.01,6],"to":[13.5,6.01,10],"rotation":{"angle":-22.5,"axis":"y","origin":[11.5,6.01,8]},"faces":{"north":{"uv":[0,0,2,0],"texture":"#0"},"east":{"uv":[0,0,2,0],"texture":"#0"},"south":{"uv":[0,0,2,0],"texture":"#0"},"west":{"uv":[0,0,2,0],"texture":"#0"},"up":{"uv":[9,9,7,7],"texture":"#0"},"down":{"uv":[5,8,3,10],"texture":"#0"}}}],"display":{"thirdperson_righthand":{"rotation":[79,14,0],"translation":[0,0.75,3.25],"scale":[0.86,0.86,0.86]},"thirdperson_lefthand":{"rotation":[79,14,0],"translation":[0,0.75,3.25],"scale":[0.86,0.86,0.86]},"firstperson_righthand":{"rotation":[0,109,5],"translation":[0.75,9,0],"scale":[0.92,0.92,0.92]},"firstperson_lefthand":{"rotation":[0,109,5],"translation":[0.75,9,0],"scale":[0.92,0.92,0.92]},"ground":{"translation":[0,3.5,0],"scale":[0.65,0.65,0.65]},"gui":{"rotation":[25,151,0],"translation":[0.5,4,0],"scale":[0.93,0.93,0.93]},"head":{"translation":[0,14.4,0]},"fixed":{"rotation":[-90,0,0],"translation":[0,0,-13.5],"scale":[1.7,1.7,1.7]}}}