{
	"credit": "Made with Blockbench",
	"texture_size": [64, 64],
	"textures": {
		"1": "custom:frosty/wintercow_rod",
		"particle": "custom:frosty/wintercow_rod"
	},
	"elements": [
		{
			"from": [6.54461, 17.77344, 0.92982],
			"to": [7.54461, 18.77344, 4.92982],
			"rotation": {"angle": 22.5, "axis": "x", "origin": [7.04461, 18.22344, 4.42982]},
			"faces": {
				"north": {"uv": [1.5, 4.5, 1.75, 4.75], "texture": "#1"},
				"east": {"uv": [5.75, 1.5, 6.75, 1.75], "texture": "#1"},
				"south": {"uv": [7.25, 2, 7.5, 2.25], "texture": "#1"},
				"west": {"uv": [4.75, 6, 5.75, 6.25], "texture": "#1"},
				"up": {"uv": [2.75, 7, 2.5, 6], "texture": "#1"},
				"down": {"uv": [3.25, 6, 3, 7], "texture": "#1"}
			}
		},
		{
			"from": [6.54461, 15.46503, 6.41999],
			"to": [7.54461, 17.46503, 11.41999],
			"rotation": {"angle": 22.5, "axis": "x", "origin": [7.04461, 21.09003, 9.59499]},
			"faces": {
				"north": {"uv": [1, 7.25, 1.25, 7.75], "texture": "#1"},
				"east": {"uv": [4, 2, 5.25, 2.5], "texture": "#1"},
				"south": {"uv": [2.5, 7.25, 2.75, 7.75], "texture": "#1"},
				"west": {"uv": [4.25, 2.75, 5.5, 3.25], "texture": "#1"},
				"up": {"uv": [3.75, 6.25, 3.5, 5], "texture": "#1"},
				"down": {"uv": [6, 0, 5.75, 1.25], "texture": "#1"}
			}
		},
		{
			"from": [6.62211, 15.38045, 5.7714],
			"to": [7.62211, 17.38045, 5.7714],
			"rotation": {"angle": 22.5, "axis": "x", "origin": [7.12211, 16.38045, 5.7714]},
			"faces": {
				"north": {"uv": [8, 2.5, 8.25, 2.75], "texture": "#1"},
				"east": {"uv": [4.75, 8, 4.75, 8.5], "texture": "#1"},
				"south": {"uv": [8, 2.5, 8.25, 2.75], "texture": "#1"},
				"west": {"uv": [8, 5, 8, 5.5], "texture": "#1"},
				"up": {"uv": [8.125, 2.625, 8.125, 2.625], "texture": "#1"},
				"down": {"uv": [8, 2.75, 8.25, 2.5], "texture": "#1"}
			}
		},
		{
			"from": [6.03361, 12.03776, 10.67838],
			"to": [8.03561, 19.03976, 12.68038],
			"rotation": {"angle": -22.5, "axis": "x", "origin": [6.53461, 11.03876, 16.30438]},
			"faces": {
				"north": {"uv": [2, 3, 2.5, 4.75], "texture": "#1"},
				"east": {"uv": [2.75, 3, 3.25, 4.75], "texture": "#1"},
				"south": {"uv": [3.5, 3, 4, 4.75], "texture": "#1"},
				"west": {"uv": [4, 0, 4.5, 1.75], "texture": "#1"},
				"up": {"uv": [6.5, 6.5, 6, 6], "texture": "#1"},
				"down": {"uv": [6.75, 0, 6.25, 0.5], "texture": "#1"}
			}
		},
		{
			"from": [6.58361, 10.25604, 12.19572],
			"to": [7.58561, 11.25804, 15.19772],
			"rotation": {"angle": 0, "axis": "y", "origin": [7.08461, 11.05704, 13.99672]},
			"faces": {
				"north": {"uv": [7.25, 7.25, 7.5, 7.5], "texture": "#1"},
				"east": {"uv": [6.75, 6.25, 7.5, 6.5], "texture": "#1"},
				"south": {"uv": [7.5, 0, 7.75, 0.25], "texture": "#1"},
				"west": {"uv": [6.75, 6.75, 7.5, 7], "texture": "#1"},
				"up": {"uv": [7.25, 0.75, 7, 0], "texture": "#1"},
				"down": {"uv": [7.25, 1, 7, 1.75], "texture": "#1"}
			}
		},
		{
			"from": [6.58361, 9.57533, 11.30738],
			"to": [7.58561, 10.57733, 14.30938],
			"rotation": {"angle": 22.5, "axis": "x", "origin": [7.08461, 10.07633, 12.18338]},
			"faces": {
				"north": {"uv": [7.5, 0.5, 7.75, 0.75], "texture": "#1"},
				"east": {"uv": [7, 2.5, 7.75, 2.75], "texture": "#1"},
				"south": {"uv": [7.5, 1, 7.75, 1.25], "texture": "#1"},
				"west": {"uv": [7, 3, 7.75, 3.25], "texture": "#1"},
				"up": {"uv": [7.25, 4.25, 7, 3.5], "texture": "#1"},
				"down": {"uv": [4.25, 7, 4, 7.75], "texture": "#1"}
			}
		},
		{
			"from": [6.58361, 12.61276, 11.67838],
			"to": [7.58561, 13.61476, 14.68038],
			"rotation": {"angle": -22.5, "axis": "x", "origin": [6.53461, 11.03876, 16.30438]},
			"faces": {
				"north": {"uv": [1.5, 7.5, 1.75, 7.75], "texture": "#1"},
				"east": {"uv": [7, 4.5, 7.75, 4.75], "texture": "#1"},
				"south": {"uv": [7.5, 1.5, 7.75, 1.75], "texture": "#1"},
				"west": {"uv": [7, 5, 7.75, 5.25], "texture": "#1"},
				"up": {"uv": [0.25, 8, 0, 7.25], "texture": "#1"},
				"down": {"uv": [0.75, 7.25, 0.5, 8], "texture": "#1"}
			}
		},
		{
			"from": [6.03461, -0.44459, 10.55263],
			"to": [8.05461, 10.57541, 12.57263],
			"rotation": {"angle": 0, "axis": "y", "origin": [7.54461, 12.06541, 11.06263]},
			"faces": {
				"north": {"uv": [0, 0, 0.5, 2.75], "texture": "#1"},
				"east": {"uv": [0.75, 0, 1.25, 2.75], "texture": "#1"},
				"south": {"uv": [1.5, 0, 2, 2.75], "texture": "#1"},
				"west": {"uv": [2.25, 0, 2.75, 2.75], "texture": "#1"},
				"up": {"uv": [6.75, 1.25, 6.25, 0.75], "texture": "#1"},
				"down": {"uv": [6.75, 2.5, 6.25, 3], "texture": "#1"}
			}
		},
		{
			"from": [5.53461, 3.55541, 10.05263],
			"to": [8.55461, 8.57541, 13.07263],
			"rotation": {"angle": 0, "axis": "y", "origin": [7.04461, 12.06541, 10.56263]},
			"faces": {
				"north": {"uv": [0, 3, 0.75, 4.25], "texture": "#1"},
				"east": {"uv": [3, 0, 3.75, 1.25], "texture": "#1"},
				"south": {"uv": [1, 3, 1.75, 4.25], "texture": "#1"},
				"west": {"uv": [3, 1.5, 3.75, 2.75], "texture": "#1"},
				"up": {"uv": [1.25, 5.25, 0.5, 4.5], "texture": "#1"},
				"down": {"uv": [5.5, 0, 4.75, 0.75], "texture": "#1"}
			}
		},
		{
			"from": [7.18211, 8.41376, 9.90543],
			"to": [7.18221, 18.41376, 10.90543],
			"rotation": {"angle": -22.5, "axis": "x", "origin": [5.65711, 9.41376, 15.53043]},
			"faces": {
				"north": {"uv": [6, 7.5, 6, 10], "texture": "#1"},
				"east": {"uv": [4.25, 3.5, 4.5, 6], "texture": "#1"},
				"south": {"uv": [3.5, 7.75, 3.5, 10.25], "texture": "#1"},
				"west": {"uv": [0, 4.5, 0.25, 7], "texture": "#1"},
				"up": {"uv": [4, 5.25, 4, 5], "texture": "#1"},
				"down": {"uv": [4, 5.5, 4, 5.75], "texture": "#1"}
			}
		},
		{
			"from": [7.15711, 15.81231, 1.71346],
			"to": [7.15721, 16.81231, 7.71346],
			"rotation": {"angle": 22.5, "axis": "x", "origin": [7.15711, 16.31231, 5.33846]},
			"faces": {
				"north": {"uv": [1.25, 6.5, 1.25, 6.75], "texture": "#1"},
				"east": {"uv": [5.5, 2, 7, 2.25], "texture": "#1"},
				"south": {"uv": [6.5, 5.5, 6.5, 5.75], "texture": "#1"},
				"west": {"uv": [4.75, 5.5, 6.25, 5.75], "texture": "#1"},
				"up": {"uv": [3.75, 9.25, 3.75, 7.75], "texture": "#1"},
				"down": {"uv": [7.75, 6, 7.75, 7.5], "texture": "#1"}
			}
		},
		{
			"from": [6.62211, 14.41376, 8.92938],
			"to": [7.62221, 14.41376, 10.92938],
			"rotation": {"angle": -22.5, "axis": "x", "origin": [6.39711, 11.03876, 16.30438]},
			"faces": {
				"north": {"uv": [8.125, 2.125, 8.125, 2.125], "texture": "#1"},
				"east": {"uv": [8, 0.5, 8.25, 0.75], "texture": "#1"},
				"south": {"uv": [8.25, 2.125, 8.25, 2.125], "texture": "#1"},
				"west": {"uv": [8, 1.5, 8.25, 1.75], "texture": "#1"},
				"up": {"uv": [8.125, 1.75, 8.25, 1.5], "texture": "#1"},
				"down": {"uv": [8, 1, 8.25, 1.25], "texture": "#1"}
			}
		},
		{
			"from": [8.62211, 8.41376, 5.92938],
			"to": [9.62221, 8.41376, 7.92938],
			"rotation": {"angle": -22.5, "axis": "x", "origin": [6.39711, 11.03876, 16.30438]},
			"faces": {
				"north": {"uv": [8.125, 2.625, 8.125, 2.625], "texture": "#1"},
				"east": {"uv": [8, 2.5, 8.25, 2.75], "texture": "#1"},
				"south": {"uv": [8.125, 2.625, 8.125, 2.625], "texture": "#1"},
				"west": {"uv": [8, 1.75, 8.5, 1.75], "texture": "#1"},
				"up": {"uv": [8, 2.75, 8.25, 2.5], "texture": "#1"},
				"down": {"uv": [8, 2.5, 8.25, 2.75], "texture": "#1"}
			}
		},
		{
			"from": [6.62211, 16.38045, 2.7714],
			"to": [7.62211, 18.38045, 2.7714],
			"rotation": {"angle": 0, "axis": "y", "origin": [7.12211, 17.75545, 2.5464]},
			"faces": {
				"north": {"uv": [8, 2.5, 8.25, 2.75], "texture": "#1"},
				"east": {"uv": [4.75, 8, 4.75, 8.5], "texture": "#1"},
				"south": {"uv": [8, 2.5, 8.25, 2.75], "texture": "#1"},
				"west": {"uv": [8, 5, 8, 5.5], "texture": "#1"},
				"up": {"uv": [8.125, 2.625, 8.125, 2.625], "texture": "#1"},
				"down": {"uv": [8, 2.75, 8.25, 2.5], "texture": "#1"}
			}
		},
		{
			"from": [7.3375, 2.53502, 4.81263],
			"to": [9.3375, 4.53502, 6.81263],
			"rotation": {"angle": 45, "axis": "x", "origin": [6.3375, -0.46498, 10.81263]},
			"faces": {
				"north": {"uv": [6.25, 3.25, 6.75, 3.75], "texture": "#1"},
				"east": {"uv": [4, 6.25, 4.5, 6.75], "texture": "#1"},
				"south": {"uv": [6.25, 4, 6.75, 4.5], "texture": "#1"},
				"west": {"uv": [6.25, 4.75, 6.75, 5.25], "texture": "#1"},
				"up": {"uv": [1, 7, 0.5, 6.5], "texture": "#1"},
				"down": {"uv": [5.25, 6.5, 4.75, 7], "texture": "#1"}
			}
		},
		{
			"from": [8.6625, 0.53502, 4.81263],
			"to": [9.6625, 1.53502, 5.81263],
			"rotation": {"angle": 45, "axis": "x", "origin": [6.3375, -0.46498, 10.81263]},
			"faces": {
				"north": {"uv": [2, 7.5, 2.25, 7.75], "texture": "#1"},
				"east": {"uv": [7.5, 3.5, 7.75, 3.75], "texture": "#1"},
				"south": {"uv": [7.5, 4, 7.75, 4.25], "texture": "#1"},
				"west": {"uv": [5.5, 7.5, 5.75, 7.75], "texture": "#1"},
				"up": {"uv": [7.75, 5.75, 7.5, 5.5], "texture": "#1"},
				"down": {"uv": [8, 2, 7.75, 2.25], "texture": "#1"}
			}
		},
		{
			"from": [5.6, -1.46498, 9.81263],
			"to": [8.6, 1.53502, 12.81263],
			"rotation": {"angle": 45, "axis": "x", "origin": [7.5, -0.46498, 10.81263]},
			"faces": {
				"north": {"uv": [4.75, 1, 5.5, 1.75], "texture": "#1"},
				"east": {"uv": [4.75, 3.5, 5.5, 4.25], "texture": "#1"},
				"south": {"uv": [4.75, 4.5, 5.5, 5.25], "texture": "#1"},
				"west": {"uv": [1.5, 5, 2.25, 5.75], "texture": "#1"},
				"up": {"uv": [3.25, 5.75, 2.5, 5], "texture": "#1"},
				"down": {"uv": [1.25, 5.5, 0.5, 6.25], "texture": "#1"}
			}
		},
		{
			"from": [7.3375, -5.46866, 10.09474],
			"to": [7.3376, -0.46866, 11.09474],
			"rotation": {"angle": 0, "axis": "y", "origin": [8.3375, 1.65634, 15.51974]},
			"faces": {
				"north": {"uv": [5.75, 8, 5.75, 9.25], "texture": "#1"},
				"east": {"uv": [1.5, 6, 1.75, 7.25], "texture": "#1"},
				"south": {"uv": [8, 5.75, 8, 7], "texture": "#1"},
				"west": {"uv": [2, 6, 2.25, 7.25], "texture": "#1"},
				"up": {"uv": [6.25, 8.25, 6.25, 8], "texture": "#1"},
				"down": {"uv": [6.5, 8, 6.5, 8.25], "texture": "#1"}
			}
		},
		{
			"from": [7.3375, -3.74366, 12.04474],
			"to": [7.3376, 0.25634, 13.04474],
			"rotation": {"angle": 0, "axis": "y", "origin": [8.3375, 1.65634, 15.51974]},
			"faces": {
				"north": {"uv": [6.75, 8, 6.75, 9], "texture": "#1"},
				"east": {"uv": [3.5, 6.5, 3.75, 7.5], "texture": "#1"},
				"south": {"uv": [7, 8, 7, 9], "texture": "#1"},
				"west": {"uv": [6.25, 6.75, 6.5, 7.75], "texture": "#1"},
				"up": {"uv": [8, 7.5, 8, 7.25], "texture": "#1"},
				"down": {"uv": [8, 7.75, 8, 8], "texture": "#1"}
			}
		}
	],
	"gui_light": "front",
	"display": {
		"thirdperson_righthand": {
			"rotation": [47, 0, 0],
			"translation": [0, 1, -1.25],
			"scale": [0.79, 0.79, 0.79]
		},
		"thirdperson_lefthand": {
			"rotation": [31, 0, 0],
			"translation": [0, 1, -1.25],
			"scale": [0.79, 0.79, 0.79]
		},
		"firstperson_righthand": {
			"translation": [-1, 0, 0]
		},
		"firstperson_lefthand": {
			"rotation": [0, 29, 0],
			"translation": [3.75, 1, -0.5]
		},
		"ground": {
			"rotation": [-45, 0, 0],
			"translation": [0, 4.5, 0],
			"scale": [0.7, 0.7, 0.7]
		},
		"gui": {
			"rotation": [0, -90, 0],
			"translation": [-0.25, -0.25, -0.75],
			"scale": [0.56, 0.56, 0.56]
		},
		"head": {
			"rotation": [90, -38, -90],
			"translation": [0, -15, 4.25]
		},
		"fixed": {
			"rotation": [0, -90, 0],
			"translation": [-0.25, 0.5, -0.75],
			"scale": [0.76, 0.76, 0.76]
		}
	},
	"groups": [
		{
			"name": "group",
			"origin": [7.12211, 17.75545, 2.5464],
			"color": 0,
			"children": [0, 1, 2, 3, 4, 5, 6, 7, 8, 9, 10, 11, 12, 13, 14, 15, 16, 17, 18]
		}
	]
}