{
	"credit": "Made with Blockbench",
	"texture_size": [64, 64],
	"textures": {
		"1": "custom:frosty/wintercow_pickaxe",
		"particle": "custom:frosty/wintercow_pickaxe"
	},
	"elements": [
		{
			"from": [7.1375, -8.87868, 7],
			"to": [9.1375, 10.12132, 9],
			"rotation": {"angle": 0, "axis": "y", "origin": [8.3875, 6.15882, 4.15625]},
			"faces": {
				"north": {"uv": [0, 0, 0.5, 4.75], "texture": "#1"},
				"east": {"uv": [0.75, 0, 1.25, 4.75], "texture": "#1"},
				"south": {"uv": [1.5, 0, 2, 4.75], "texture": "#1"},
				"west": {"uv": [2.25, 0, 2.75, 4.75], "texture": "#1"},
				"up": {"uv": [5.25, 8, 4.75, 7.5], "texture": "#1"},
				"down": {"uv": [1.25, 7.75, 0.75, 8.25], "texture": "#1"}
			}
		},
		{
			"from": [7, 10.19632, 1.34375],
			"to": [9, 13.19632, 9.34375],
			"rotation": {"angle": 0, "axis": "y", "origin": [7.75, 6.15882, 3]},
			"faces": {
				"north": {"uv": [0, 7.25, 0.5, 8], "texture": "#1"},
				"east": {"uv": [3, 0, 5, 0.75], "texture": "#1"},
				"south": {"uv": [7.5, 1.75, 8, 2.5], "texture": "#1"},
				"west": {"uv": [3, 1, 5, 1.75], "texture": "#1"},
				"up": {"uv": [5.25, 5, 4.75, 3], "texture": "#1"},
				"down": {"uv": [0.5, 5, 0, 7], "texture": "#1"}
			}
		},
		{
			"from": [6.5, 8.09867, -1.51485],
			"to": [9.5, 11.09867, 1.48515],
			"rotation": {"angle": 45, "axis": "x", "origin": [8, 1.40882, 8]},
			"faces": {
				"north": {"uv": [2.75, 6.25, 3.5, 7], "texture": "#1"},
				"east": {"uv": [6.5, 0, 7.25, 0.75], "texture": "#1"},
				"south": {"uv": [6.5, 1, 7.25, 1.75], "texture": "#1"},
				"west": {"uv": [6.5, 2, 7.25, 2.75], "texture": "#1"},
				"up": {"uv": [4.5, 7.25, 3.75, 6.5], "texture": "#1"},
				"down": {"uv": [5.5, 6.5, 4.75, 7.25], "texture": "#1"}
			}
		},
		{
			"from": [6.5, -7.45133, 13.86015],
			"to": [9.5, -4.45133, 16.86015],
			"rotation": {"angle": 45, "axis": "x", "origin": [8, 1.40882, 8]},
			"faces": {
				"north": {"uv": [6.75, 3, 7.5, 3.75], "texture": "#1"},
				"east": {"uv": [6.75, 4, 7.5, 4.75], "texture": "#1"},
				"south": {"uv": [6.75, 5, 7.5, 5.75], "texture": "#1"},
				"west": {"uv": [6.75, 6, 7.5, 6.75], "texture": "#1"},
				"up": {"uv": [7.5, 7.75, 6.75, 7], "texture": "#1"},
				"down": {"uv": [3.5, 7.25, 2.75, 8], "texture": "#1"}
			}
		},
		{
			"from": [7.5875, -14.46866, 6.54474],
			"to": [7.5876, -9.46866, 7.54474],
			"rotation": {"angle": 0, "axis": "y", "origin": [8.1375, 1.65634, 15.51974]},
			"faces": {
				"north": {"uv": [2, 9.5, 2, 10.75], "texture": "#1"},
				"east": {"uv": [3.75, 7.5, 4, 8.75], "texture": "#1"},
				"south": {"uv": [10, 6.75, 10, 8], "texture": "#1"},
				"west": {"uv": [4.25, 7.5, 4.5, 8.75], "texture": "#1"},
				"up": {"uv": [5.5, 4.5, 5.5, 4.25], "texture": "#1"},
				"down": {"uv": [5.5, 4.75, 5.5, 5], "texture": "#1"}
			}
		},
		{
			"from": [7.5875, -12.74366, 8.49474],
			"to": [7.5876, -8.74366, 9.49474],
			"rotation": {"angle": 0, "axis": "y", "origin": [8.1375, 1.65634, 15.51974]},
			"faces": {
				"north": {"uv": [7.75, 10, 7.75, 11], "texture": "#1"},
				"east": {"uv": [1.5, 7.75, 1.75, 8.75], "texture": "#1"},
				"south": {"uv": [8, 10, 8, 11], "texture": "#1"},
				"west": {"uv": [2, 7.75, 2.25, 8.75], "texture": "#1"},
				"up": {"uv": [5.5, 7.75, 5.5, 7.5], "texture": "#1"},
				"down": {"uv": [2.5, 7.75, 2.5, 8], "texture": "#1"}
			}
		},
		{
			"from": [6.58361, 14.95604, 6.55228],
			"to": [7.58561, 15.95804, 9.55428],
			"rotation": {"angle": -45, "axis": "x", "origin": [2.08461, 10.75704, 11.30328]},
			"faces": {
				"north": {"uv": [1, 8.5, 1.25, 8.75], "texture": "#1"},
				"east": {"uv": [9, 3.25, 9.75, 3.5], "texture": "#1"},
				"south": {"uv": [9.5, 3.75, 9.75, 4], "texture": "#1"},
				"west": {"uv": [9, 6, 9.75, 6.25], "texture": "#1"},
				"up": {"uv": [8, 9.75, 7.75, 9], "texture": "#1"},
				"down": {"uv": [8.5, 9, 8.25, 9.75], "texture": "#1"}
			}
		},
		{
			"from": [6.58361, 16.33615, 4.7382],
			"to": [7.58561, 17.33815, 8.7402],
			"rotation": {"angle": -45, "axis": "x", "origin": [2.08461, 9.83715, 12.2392]},
			"faces": {
				"north": {"uv": [0.5, 9.75, 0.75, 10], "texture": "#1"},
				"east": {"uv": [7.75, 2.75, 8.75, 3], "texture": "#1"},
				"south": {"uv": [2.75, 9.75, 3, 10], "texture": "#1"},
				"west": {"uv": [7.75, 3.25, 8.75, 3.5], "texture": "#1"},
				"up": {"uv": [8, 4.75, 7.75, 3.75], "texture": "#1"},
				"down": {"uv": [8, 5, 7.75, 6], "texture": "#1"}
			}
		},
		{
			"from": [6.58361, 12.81931, 4.26917],
			"to": [7.58561, 13.82131, 7.27117],
			"rotation": {"angle": -45, "axis": "x", "origin": [7.08461, 13.32031, 5.77017]},
			"faces": {
				"north": {"uv": [3.25, 9.75, 3.5, 10], "texture": "#1"},
				"east": {"uv": [9, 6.5, 9.75, 6.75], "texture": "#1"},
				"south": {"uv": [5.25, 9.75, 5.5, 10], "texture": "#1"},
				"west": {"uv": [9, 8.25, 9.75, 8.5], "texture": "#1"},
				"up": {"uv": [9, 9.75, 8.75, 9], "texture": "#1"},
				"down": {"uv": [2.5, 9.25, 2.25, 10], "texture": "#1"}
			}
		},
		{
			"from": [6.58361, 17.36115, 5.8882],
			"to": [7.58561, 18.36315, 9.8902],
			"rotation": {"angle": -45, "axis": "x", "origin": [2.08461, 9.83715, 12.2392]},
			"faces": {
				"north": {"uv": [5.75, 9.75, 6, 10], "texture": "#1"},
				"east": {"uv": [7.75, 6.25, 8.75, 6.5], "texture": "#1"},
				"south": {"uv": [9.25, 9.75, 9.5, 10], "texture": "#1"},
				"west": {"uv": [7.75, 6.75, 8.75, 7], "texture": "#1"},
				"up": {"uv": [8, 8.25, 7.75, 7.25], "texture": "#1"},
				"down": {"uv": [7, 8, 6.75, 9], "texture": "#1"}
			}
		},
		{
			"from": [8.18361, 14.95604, 6.55228],
			"to": [9.18561, 15.95804, 9.55428],
			"rotation": {"angle": -45, "axis": "x", "origin": [2.08461, 10.75704, 11.30328]},
			"faces": {
				"north": {"uv": [9.75, 9.75, 10, 10], "texture": "#1"},
				"east": {"uv": [2.75, 9.25, 3.5, 9.5], "texture": "#1"},
				"south": {"uv": [1, 10, 1.25, 10.25], "texture": "#1"},
				"west": {"uv": [5.25, 9.25, 6, 9.5], "texture": "#1"},
				"up": {"uv": [6.5, 10, 6.25, 9.25], "texture": "#1"},
				"down": {"uv": [7, 9.25, 6.75, 10], "texture": "#1"}
			}
		},
		{
			"from": [8.18361, 16.33615, 4.7382],
			"to": [9.18561, 17.33815, 8.7402],
			"rotation": {"angle": -45, "axis": "x", "origin": [2.08461, 9.83715, 12.2392]},
			"faces": {
				"north": {"uv": [10, 1, 10.25, 1.25], "texture": "#1"},
				"east": {"uv": [8.25, 1.75, 9.25, 2], "texture": "#1"},
				"south": {"uv": [1.5, 10, 1.75, 10.25], "texture": "#1"},
				"west": {"uv": [8.25, 2.25, 9.25, 2.5], "texture": "#1"},
				"up": {"uv": [7.5, 9, 7.25, 8], "texture": "#1"},
				"down": {"uv": [0.25, 8.25, 0, 9.25], "texture": "#1"}
			}
		},
		{
			"from": [8.18361, 12.81931, 4.26917],
			"to": [9.18561, 13.82131, 7.27117],
			"rotation": {"angle": -45, "axis": "x", "origin": [7.08461, 13.32031, 5.77017]},
			"faces": {
				"north": {"uv": [10, 2, 10.25, 2.25], "texture": "#1"},
				"east": {"uv": [9.25, 8.75, 10, 9], "texture": "#1"},
				"south": {"uv": [10, 3.25, 10.25, 3.5], "texture": "#1"},
				"west": {"uv": [9.25, 9.25, 10, 9.5], "texture": "#1"},
				"up": {"uv": [7.5, 10, 7.25, 9.25], "texture": "#1"},
				"down": {"uv": [0.25, 9.5, 0, 10.25], "texture": "#1"}
			}
		},
		{
			"from": [8.18361, 17.36115, 5.8882],
			"to": [9.18561, 18.36315, 9.8902],
			"rotation": {"angle": -45, "axis": "x", "origin": [2.08461, 9.83715, 12.2392]},
			"faces": {
				"north": {"uv": [10, 3.75, 10.25, 4], "texture": "#1"},
				"east": {"uv": [2.5, 8.25, 3.5, 8.5], "texture": "#1"},
				"south": {"uv": [10, 4.25, 10.25, 4.5], "texture": "#1"},
				"west": {"uv": [8.25, 3.75, 9.25, 4], "texture": "#1"},
				"up": {"uv": [8.5, 5.25, 8.25, 4.25], "texture": "#1"},
				"down": {"uv": [5, 8.25, 4.75, 9.25], "texture": "#1"}
			}
		},
		{
			"from": [7.58361, 15.19907, 10.09074],
			"to": [8.58561, 16.20107, 13.09274],
			"rotation": {"angle": -45, "axis": "x", "origin": [2.08461, 10.4562, 18.21108]},
			"faces": {
				"north": {"uv": [10, 4.75, 10.25, 5], "texture": "#1"},
				"east": {"uv": [1, 9.5, 1.75, 9.75], "texture": "#1"},
				"south": {"uv": [10, 5.25, 10.25, 5.5], "texture": "#1"},
				"west": {"uv": [9.5, 1.5, 10.25, 1.75], "texture": "#1"},
				"up": {"uv": [5, 10.25, 4.75, 9.5], "texture": "#1"},
				"down": {"uv": [10, 0, 9.75, 0.75], "texture": "#1"}
			}
		},
		{
			"from": [7.58361, 16.71132, 10.82942],
			"to": [8.58561, 17.71332, 14.83142],
			"rotation": {"angle": -45, "axis": "x", "origin": [2.08461, 10.4562, 18.21108]},
			"faces": {
				"north": {"uv": [10, 5.75, 10.25, 6], "texture": "#1"},
				"east": {"uv": [5.25, 8.25, 6.25, 8.5], "texture": "#1"},
				"south": {"uv": [10, 6.25, 10.25, 6.5], "texture": "#1"},
				"west": {"uv": [8.25, 5.5, 9.25, 5.75], "texture": "#1"},
				"up": {"uv": [8.5, 8.25, 8.25, 7.25], "texture": "#1"},
				"down": {"uv": [0.75, 8.5, 0.5, 9.5], "texture": "#1"}
			}
		},
		{
			"from": [6, 1.02132, 6],
			"to": [10, 2.02132, 10],
			"rotation": {"angle": 0, "axis": "y", "origin": [2.525, 1.40882, 9.125]},
			"faces": {
				"north": {"uv": [8.5, 0, 9.5, 0.25], "texture": "#1"},
				"east": {"uv": [8.5, 0.5, 9.5, 0.75], "texture": "#1"},
				"south": {"uv": [7.75, 8.5, 8.75, 8.75], "texture": "#1"},
				"west": {"uv": [8.75, 1, 9.75, 1.25], "texture": "#1"},
				"up": {"uv": [1.75, 6, 0.75, 5], "texture": "#1"},
				"down": {"uv": [3, 5, 2, 6], "texture": "#1"}
			}
		},
		{
			"from": [6, 9.34632, 6],
			"to": [10, 10.34632, 10],
			"rotation": {"angle": 0, "axis": "y", "origin": [2.525, 1.40882, 9.125]},
			"faces": {
				"north": {"uv": [2.5, 8.75, 3.5, 9], "texture": "#1"},
				"east": {"uv": [8.75, 4.25, 9.75, 4.5], "texture": "#1"},
				"south": {"uv": [8.75, 4.75, 9.75, 5], "texture": "#1"},
				"west": {"uv": [5.25, 8.75, 6.25, 9], "texture": "#1"},
				"up": {"uv": [4.25, 6, 3.25, 5], "texture": "#1"},
				"down": {"uv": [6.25, 0, 5.25, 1], "texture": "#1"}
			}
		},
		{
			"from": [6.49, -4.44459, 6.50563],
			"to": [9.51, 0.57541, 9.52563],
			"rotation": {"angle": 0, "axis": "y", "origin": [1.525, 12.06541, 12.14063]},
			"faces": {
				"north": {"uv": [5.75, 4.25, 6.5, 5.5], "texture": "#1"},
				"east": {"uv": [5.75, 5.75, 6.5, 7], "texture": "#1"},
				"south": {"uv": [0.75, 6.25, 1.5, 7.5], "texture": "#1"},
				"west": {"uv": [1.75, 6.25, 2.5, 7.5], "texture": "#1"},
				"up": {"uv": [6.5, 8, 5.75, 7.25], "texture": "#1"},
				"down": {"uv": [8.25, 0, 7.5, 0.75], "texture": "#1"}
			}
		},
		{
			"from": [6, -5.97868, 6.01563],
			"to": [10, -4.97868, 10.01563],
			"rotation": {"angle": 0, "axis": "y", "origin": [2.525, 1.40882, 9.14063]},
			"faces": {
				"north": {"uv": [8.75, 7.25, 9.75, 7.5], "texture": "#1"},
				"east": {"uv": [8.75, 7.75, 9.75, 8], "texture": "#1"},
				"south": {"uv": [1, 9, 2, 9.25], "texture": "#1"},
				"west": {"uv": [9, 2.75, 10, 3], "texture": "#1"},
				"up": {"uv": [5.5, 6.25, 4.5, 5.25], "texture": "#1"},
				"down": {"uv": [6.5, 3, 5.5, 4], "texture": "#1"}
			}
		},
		{
			"from": [7.975, 9.51205, -1.95017],
			"to": [7.9751, 12.51205, 4.04983],
			"rotation": {"angle": -22.5, "axis": "x", "origin": [7.925, 6.15882, 3]},
			"faces": {
				"north": {"uv": [6.5, 8.25, 6.5, 9], "texture": "#1"},
				"east": {"uv": [3, 2, 4.5, 2.75], "texture": "#1"},
				"south": {"uv": [8.25, 10, 8.25, 10.75], "texture": "#1"},
				"west": {"uv": [3, 3, 4.5, 3.75], "texture": "#1"},
				"up": {"uv": [8.5, 11.5, 8.5, 10], "texture": "#1"},
				"down": {"uv": [8.75, 10, 8.75, 11.5], "texture": "#1"}
			}
		},
		{
			"from": [7.5, 10.51205, -0.15017],
			"to": [8.5, 12.51205, 3.84983],
			"rotation": {"angle": -22.5, "axis": "x", "origin": [8.275, 6.15882, 3]},
			"faces": {
				"north": {"uv": [9.5, 2, 9.75, 2.5], "texture": "#1"},
				"east": {"uv": [5.25, 1.25, 6.25, 1.75], "texture": "#1"},
				"south": {"uv": [9.5, 5.25, 9.75, 5.75], "texture": "#1"},
				"west": {"uv": [7.5, 1, 8.5, 1.5], "texture": "#1"},
				"up": {"uv": [4, 10, 3.75, 9], "texture": "#1"},
				"down": {"uv": [4.5, 9, 4.25, 10], "texture": "#1"}
			}
		},
		{
			"from": [8, 7.9248, -3.08889],
			"to": [8, 10.9248, 2.91111],
			"rotation": {"angle": 45, "axis": "x", "origin": [7.925, 6.15882, 3]},
			"faces": {
				"north": {"uv": [9, 10, 9, 10.75], "texture": "#1"},
				"east": {"uv": [3, 4, 4.5, 4.75], "texture": "#1"},
				"south": {"uv": [10.25, 0, 10.25, 0.75], "texture": "#1"},
				"west": {"uv": [4.75, 2, 6.25, 2.75], "texture": "#1"},
				"up": {"uv": [0.5, 11.75, 0.5, 10.25], "texture": "#1"},
				"down": {"uv": [0.75, 10.25, 0.75, 11.75], "texture": "#1"}
			}
		}
	],
	"gui_light": "front",
	"display": {
		"thirdperson_righthand": {
			"translation": [0, 6, 0],
			"scale": [0.8, 0.8, 0.8]
		},
		"thirdperson_lefthand": {
			"translation": [0, 6, 0],
			"scale": [0.8, 0.8, 0.8]
		},
		"firstperson_righthand": {
			"translation": [4.5, 2.75, -2.5]
		},
		"firstperson_lefthand": {
			"translation": [4.5, 2.75, -2.5]
		},
		"ground": {
			"rotation": [-45, 0, 0],
			"translation": [0, 9.25, -2.25],
			"scale": [0.7, 0.7, 0.7]
		},
		"gui": {
			"rotation": [90, -135, 90],
			"translation": [2.25, 3.25, 1.5],
			"scale": [0.61, 0.61, 0.61]
		},
		"head": {
			"rotation": [90, -38, -90],
			"translation": [5, -18.75, 4.25]
		},
		"fixed": {
			"rotation": [-90, 90, 90],
			"translation": [0.5, 4.5, -0.25],
			"scale": [0.65, 0.65, 0.65]
		}
	},
	"groups": [
		{
			"name": "group",
			"origin": [5, 10.69632, 7.1],
			"color": 0,
			"children": [
				{
					"name": "group",
					"origin": [5, 10.69632, 7.1],
					"color": 0,
					"children": [
						{
							"name": "group",
							"origin": [8, 12.19632, 7.5],
							"color": 0,
							"children": [0, 1, 2, 3, 4, 5, 6, 7, 8, 9, 10, 11, 12, 13, 14, 15, 16, 17, 18, 19, 20, 21, 22]
						}
					]
				}
			]
		}
	]
}