{
	"credit": "Made with Blockbench",
	"texture_size": [64, 64],
	"textures": {
		"1": "custom:frosty/wintercow_hoe",
		"particle": "custom:frosty/wintercow_hoe"
	},
	"elements": [
		{
			"from": [7.1375, -8.87868, 7],
			"to": [9.1375, 10.12132, 9],
			"rotation": {"angle": 0, "axis": "y", "origin": [8.3875, 6.15882, 4.15625]},
			"faces": {
				"north": {"uv": [0, 0, 0.5, 4.75], "texture": "#1"},
				"east": {"uv": [0.75, 0, 1.25, 4.75], "texture": "#1"},
				"south": {"uv": [1.5, 0, 2, 4.75], "texture": "#1"},
				"west": {"uv": [2.25, 0, 2.75, 4.75], "texture": "#1"},
				"up": {"uv": [8, 0.5, 7.5, 0], "texture": "#1"},
				"down": {"uv": [2.75, 7.5, 2.25, 8], "texture": "#1"}
			}
		},
		{
			"from": [7, 10.19632, 3.34375],
			"to": [9, 13.19632, 9.34375],
			"rotation": {"angle": 0, "axis": "y", "origin": [7.75, 6.15882, 3]},
			"faces": {
				"north": {"uv": [1, 7.25, 1.5, 8], "texture": "#1"},
				"east": {"uv": [3, 0, 4.5, 0.75], "texture": "#1"},
				"south": {"uv": [7.25, 6.5, 7.75, 7.25], "texture": "#1"},
				"west": {"uv": [3, 1, 4.5, 1.75], "texture": "#1"},
				"up": {"uv": [6.5, 5.5, 6, 4], "texture": "#1"},
				"down": {"uv": [5, 6, 4.5, 7.5], "texture": "#1"}
			}
		},
		{
			"from": [6.5, 8.09867, -1.51485],
			"to": [9.5, 11.09867, 1.48515],
			"rotation": {"angle": 45, "axis": "x", "origin": [8, 1.40882, 8]},
			"faces": {
				"north": {"uv": [5.25, 6, 6, 6.75], "texture": "#1"},
				"east": {"uv": [0, 6.25, 0.75, 7], "texture": "#1"},
				"south": {"uv": [1, 6.25, 1.75, 7], "texture": "#1"},
				"west": {"uv": [6.25, 5.75, 7, 6.5], "texture": "#1"},
				"up": {"uv": [7.25, 0.75, 6.5, 0], "texture": "#1"},
				"down": {"uv": [2.75, 6.5, 2, 7.25], "texture": "#1"}
			}
		},
		{
			"from": [6.5, -7.45133, 13.86015],
			"to": [9.5, -4.45133, 16.86015],
			"rotation": {"angle": 45, "axis": "x", "origin": [8, 1.40882, 8]},
			"faces": {
				"north": {"uv": [3, 6.5, 3.75, 7.25], "texture": "#1"},
				"east": {"uv": [6.75, 4, 7.5, 4.75], "texture": "#1"},
				"south": {"uv": [6.25, 6.75, 7, 7.5], "texture": "#1"},
				"west": {"uv": [7, 1, 7.75, 1.75], "texture": "#1"},
				"up": {"uv": [7.75, 2.75, 7, 2], "texture": "#1"},
				"down": {"uv": [7.75, 3, 7, 3.75], "texture": "#1"}
			}
		},
		{
			"from": [7.5875, -14.46866, 6.54474],
			"to": [7.5876, -9.46866, 7.54474],
			"rotation": {"angle": 0, "axis": "y", "origin": [8.1375, 1.65634, 15.51974]},
			"faces": {
				"north": {"uv": [6, 8.5, 6, 9.75], "texture": "#1"},
				"east": {"uv": [4, 6.5, 4.25, 7.75], "texture": "#1"},
				"south": {"uv": [8.25, 8.5, 8.25, 9.75], "texture": "#1"},
				"west": {"uv": [1.75, 7.5, 2, 8.75], "texture": "#1"},
				"up": {"uv": [4.5, 5.25, 4.5, 5], "texture": "#1"},
				"down": {"uv": [4.5, 5.5, 4.5, 5.75], "texture": "#1"}
			}
		},
		{
			"from": [7.5875, -12.74366, 8.49474],
			"to": [7.5876, -8.74366, 9.49474],
			"rotation": {"angle": 0, "axis": "y", "origin": [8.1375, 1.65634, 15.51974]},
			"faces": {
				"north": {"uv": [1, 8.75, 1, 9.75], "texture": "#1"},
				"east": {"uv": [3, 7.5, 3.25, 8.5], "texture": "#1"},
				"south": {"uv": [3.75, 8.75, 3.75, 9.75], "texture": "#1"},
				"west": {"uv": [3.5, 7.5, 3.75, 8.5], "texture": "#1"},
				"up": {"uv": [2.75, 8.5, 2.75, 8.25], "texture": "#1"},
				"down": {"uv": [6.25, 9, 6.25, 9.25], "texture": "#1"}
			}
		},
		{
			"from": [7.58361, 15.19907, 10.09074],
			"to": [8.58561, 16.20107, 13.09274],
			"rotation": {"angle": -45, "axis": "x", "origin": [2.08461, 10.4562, 18.21108]},
			"faces": {
				"north": {"uv": [2.75, 8.75, 3, 9], "texture": "#1"},
				"east": {"uv": [5, 8.5, 5.75, 8.75], "texture": "#1"},
				"south": {"uv": [3.25, 8.75, 3.5, 9], "texture": "#1"},
				"west": {"uv": [8.5, 5.5, 9.25, 5.75], "texture": "#1"},
				"up": {"uv": [2.5, 9, 2.25, 8.25], "texture": "#1"},
				"down": {"uv": [7.5, 8.5, 7.25, 9.25], "texture": "#1"}
			}
		},
		{
			"from": [7.58361, 7.55937, 4.78855],
			"to": [8.58561, 8.56137, 8.79055],
			"rotation": {"angle": 45, "axis": "x", "origin": [8.08461, 8.06037, 5.58955]},
			"faces": {
				"north": {"uv": [1.75, 9, 2, 9.25], "texture": "#1"},
				"east": {"uv": [7.25, 7.5, 8.25, 7.75], "texture": "#1"},
				"south": {"uv": [9, 4, 9.25, 4.25], "texture": "#1"},
				"west": {"uv": [7.75, 4, 8.75, 4.25], "texture": "#1"},
				"up": {"uv": [4.75, 8.75, 4.5, 7.75], "texture": "#1"},
				"down": {"uv": [6.5, 7.75, 6.25, 8.75], "texture": "#1"}
			}
		},
		{
			"from": [7.58361, 8.53442, 6.09249],
			"to": [8.58561, 9.53642, 9.09449],
			"rotation": {"angle": 45, "axis": "x", "origin": [8.08461, 9.21042, 6.54349]},
			"faces": {
				"north": {"uv": [4.5, 9, 4.75, 9.25], "texture": "#1"},
				"east": {"uv": [8.5, 6, 9.25, 6.25], "texture": "#1"},
				"south": {"uv": [9, 4.5, 9.25, 4.75], "texture": "#1"},
				"west": {"uv": [8.5, 7.5, 9.25, 7.75], "texture": "#1"},
				"up": {"uv": [8, 9.25, 7.75, 8.5], "texture": "#1"},
				"down": {"uv": [8.75, 8, 8.5, 8.75], "texture": "#1"}
			}
		},
		{
			"from": [7.58361, 16.71132, 10.82942],
			"to": [8.58561, 17.71332, 14.83142],
			"rotation": {"angle": -45, "axis": "x", "origin": [2.08461, 10.4562, 18.21108]},
			"faces": {
				"north": {"uv": [5, 9, 5.25, 9.25], "texture": "#1"},
				"east": {"uv": [7.75, 4.5, 8.75, 4.75], "texture": "#1"},
				"south": {"uv": [5.5, 9, 5.75, 9.25], "texture": "#1"},
				"west": {"uv": [8, 0.75, 9, 1], "texture": "#1"},
				"up": {"uv": [7, 8.75, 6.75, 7.75], "texture": "#1"},
				"down": {"uv": [8.25, 1.25, 8, 2.25], "texture": "#1"}
			}
		},
		{
			"from": [6, 1.02132, 6],
			"to": [10, 2.02132, 10],
			"rotation": {"angle": 0, "axis": "y", "origin": [2.525, 1.40882, 9.125]},
			"faces": {
				"north": {"uv": [8, 2.5, 9, 2.75], "texture": "#1"},
				"east": {"uv": [8, 3, 9, 3.25], "texture": "#1"},
				"south": {"uv": [8, 3.5, 9, 3.75], "texture": "#1"},
				"west": {"uv": [5, 8, 6, 8.25], "texture": "#1"},
				"up": {"uv": [5.75, 2, 4.75, 1], "texture": "#1"},
				"down": {"uv": [5.75, 2.25, 4.75, 3.25], "texture": "#1"}
			}
		},
		{
			"from": [6, 9.34632, 6],
			"to": [10, 10.34632, 10],
			"rotation": {"angle": 0, "axis": "y", "origin": [2.525, 1.40882, 9.125]},
			"faces": {
				"north": {"uv": [8, 5, 9, 5.25], "texture": "#1"},
				"east": {"uv": [8, 6.5, 9, 6.75], "texture": "#1"},
				"south": {"uv": [8, 7, 9, 7.25], "texture": "#1"},
				"west": {"uv": [7.25, 8, 8.25, 8.25], "texture": "#1"},
				"up": {"uv": [5.75, 4.5, 4.75, 3.5], "texture": "#1"},
				"down": {"uv": [5.75, 4.75, 4.75, 5.75], "texture": "#1"}
			}
		},
		{
			"from": [6.49, -4.44459, 6.50563],
			"to": [9.51, 0.57541, 9.52563],
			"rotation": {"angle": 0, "axis": "y", "origin": [1.525, 12.06541, 12.14063]},
			"faces": {
				"north": {"uv": [2.5, 5, 3.25, 6.25], "texture": "#1"},
				"east": {"uv": [3.5, 5, 4.25, 6.25], "texture": "#1"},
				"south": {"uv": [6, 1, 6.75, 2.25], "texture": "#1"},
				"west": {"uv": [6, 2.5, 6.75, 3.75], "texture": "#1"},
				"up": {"uv": [6, 7.75, 5.25, 7], "texture": "#1"},
				"down": {"uv": [0.75, 7.25, 0, 8], "texture": "#1"}
			}
		},
		{
			"from": [6, -5.97868, 6.01563],
			"to": [10, -4.97868, 10.01563],
			"rotation": {"angle": 0, "axis": "y", "origin": [2.525, 1.40882, 9.14063]},
			"faces": {
				"north": {"uv": [0, 8.25, 1, 8.5], "texture": "#1"},
				"east": {"uv": [8.25, 0, 9.25, 0.25], "texture": "#1"},
				"south": {"uv": [8.5, 1.25, 9.5, 1.5], "texture": "#1"},
				"west": {"uv": [8.5, 1.75, 9.5, 2], "texture": "#1"},
				"up": {"uv": [1, 6, 0, 5], "texture": "#1"},
				"down": {"uv": [2.25, 5, 1.25, 6], "texture": "#1"}
			}
		},
		{
			"from": [7.975, 8.61205, 0.44983],
			"to": [7.9751, 11.61205, 6.44983],
			"rotation": {"angle": -22.5, "axis": "x", "origin": [7.925, 6.15882, 3]},
			"faces": {
				"north": {"uv": [6.5, 9, 6.5, 9.75], "texture": "#1"},
				"east": {"uv": [3, 2, 4.5, 2.75], "texture": "#1"},
				"south": {"uv": [6.75, 9, 6.75, 9.75], "texture": "#1"},
				"west": {"uv": [3, 3, 4.5, 3.75], "texture": "#1"},
				"up": {"uv": [7, 10.5, 7, 9], "texture": "#1"},
				"down": {"uv": [9, 8, 9, 9.5], "texture": "#1"}
			}
		},
		{
			"from": [7.5, 10.01205, 2.64983],
			"to": [8.5, 12.01205, 6.64983],
			"rotation": {"angle": -22.5, "axis": "x", "origin": [8.275, 6.15882, 3]},
			"faces": {
				"north": {"uv": [0, 8.75, 0.25, 9.25], "texture": "#1"},
				"east": {"uv": [6.75, 5, 7.75, 5.5], "texture": "#1"},
				"south": {"uv": [0.5, 8.75, 0.75, 9.25], "texture": "#1"},
				"west": {"uv": [7.25, 5.75, 8.25, 6.25], "texture": "#1"},
				"up": {"uv": [4.25, 9, 4, 8], "texture": "#1"},
				"down": {"uv": [1.5, 8.25, 1.25, 9.25], "texture": "#1"}
			}
		},
		{
			"from": [8, 8.6748, -2.33889],
			"to": [8, 11.6748, 3.66111],
			"rotation": {"angle": 45, "axis": "x", "origin": [7.925, 6.15882, 3]},
			"faces": {
				"north": {"uv": [8.5, 9, 8.5, 9.75], "texture": "#1"},
				"east": {"uv": [3, 4, 4.5, 4.75], "texture": "#1"},
				"south": {"uv": [8.75, 9, 8.75, 9.75], "texture": "#1"},
				"west": {"uv": [4.75, 0, 6.25, 0.75], "texture": "#1"},
				"up": {"uv": [2.25, 10.75, 2.25, 9.25], "texture": "#1"},
				"down": {"uv": [9.25, 2.25, 9.25, 3.75], "texture": "#1"}
			}
		}
	],
	"gui_light": "front",
	"display": {
		"thirdperson_righthand": {
			"translation": [0, 6, 0],
			"scale": [0.8, 0.8, 0.8]
		},
		"thirdperson_lefthand": {
			"translation": [0, 6, 0],
			"scale": [0.8, 0.8, 0.8]
		},
		"firstperson_righthand": {
			"translation": [4.5, 2.75, -2.5]
		},
		"firstperson_lefthand": {
			"translation": [4.5, 2.75, -2.5]
		},
		"ground": {
			"rotation": [-45, 0, 0],
			"translation": [0, 9.25, -2.25],
			"scale": [0.7, 0.7, 0.7]
		},
		"gui": {
			"rotation": [90, -135, 90],
			"translation": [2.25, 3.25, 1.5],
			"scale": [0.61, 0.61, 0.61]
		},
		"head": {
			"rotation": [90, -38, -90],
			"translation": [5, -18.75, 4.25]
		},
		"fixed": {
			"rotation": [-90, 90, 90],
			"translation": [0.25, 4.75, -0.25],
			"scale": [0.71, 0.71, 0.71]
		}
	},
	"groups": [
		{
			"name": "group",
			"origin": [5, 10.69632, 7.1],
			"color": 0,
			"children": [
				{
					"name": "group",
					"origin": [5, 10.69632, 7.1],
					"color": 0,
					"children": [
						{
							"name": "group",
							"origin": [8, 12.19632, 7.5],
							"color": 0,
							"children": [0, 1, 2, 3, 4, 5, 6, 7, 8, 9, 10, 11, 12, 13, 14, 15, 16]
						}
					]
				}
			]
		}
	]
}