{
	"credit": "Made with Blockbench",
	"texture_size": [128, 128],
	"textures": {
		"9": "custom:frosty/wintercow_crossbow"
	},
	"elements": [
		{
			"from": [10.26283, 3.54276, 5.4],
			"to": [13.26283, 6.54276, 8.4],
			"rotation": {"angle": 0, "axis": "y", "origin": [7.81877, 5, 10.0001]},
			"faces": {
				"north": {"uv": [1.75, 3.5, 2.125, 3.875], "rotation": 90, "texture": "#9"},
				"east": {"uv": [4, 0, 3.625, 0.375], "rotation": 270, "texture": "#9"},
				"south": {"uv": [2.25, 3.5, 2.625, 3.875], "rotation": 270, "texture": "#9"},
				"west": {"uv": [3.875, 3.5, 3.5, 3.125], "rotation": 270, "texture": "#9"},
				"up": {"uv": [3.5, 2.125, 3.875, 2.5], "rotation": 270, "texture": "#9"},
				"down": {"uv": [3.5, 2.625, 3.875, 3], "rotation": 270, "texture": "#9"}
			}
		},
		{
			"from": [-5.55448, 3.54276, 1.28719],
			"to": [-3.55448, 6.54276, 4.28719],
			"rotation": {"angle": 45, "axis": "y", "origin": [7.81877, 5, 10.0001]},
			"faces": {
				"north": {"uv": [4.625, 0, 5, 0.25], "rotation": 90, "texture": "#9"},
				"east": {"uv": [3.125, 3.75, 2.75, 4.125], "rotation": 270, "texture": "#9"},
				"south": {"uv": [3.25, 4.625, 3.625, 4.875], "rotation": 270, "texture": "#9"},
				"west": {"uv": [3.875, 4, 3.5, 3.625], "rotation": 270, "texture": "#9"},
				"up": {"uv": [0.5, 4.625, 0.875, 4.875], "rotation": 270, "texture": "#9"},
				"down": {"uv": [1, 4.75, 1.375, 5], "rotation": 270, "texture": "#9"}
			}
		},
		{
			"from": [-3.55448, 3.54276, 1.28719],
			"to": [0.44552, 6.54276, 4.28719],
			"rotation": {"angle": 45, "axis": "y", "origin": [7.81877, 5, 10.0001]},
			"faces": {
				"north": {"uv": [2.5, 1, 2.875, 1.5], "rotation": 90, "texture": "#9"},
				"east": {"uv": [4.25, 1, 3.875, 1.375], "rotation": 270, "texture": "#9"},
				"south": {"uv": [2.5, 2.25, 2.875, 2.75], "rotation": 270, "texture": "#9"},
				"west": {"uv": [4.25, 0.875, 3.875, 0.5], "rotation": 270, "texture": "#9"},
				"up": {"uv": [2.5, 1.625, 2.875, 2.125], "rotation": 270, "texture": "#9"},
				"down": {"uv": [2.625, 0, 3, 0.5], "rotation": 270, "texture": "#9"}
			}
		},
		{
			"from": [18.65039, 4.56483, 19.45206],
			"to": [19.65239, 5.56683, 22.45406],
			"rotation": {"angle": 22.5, "axis": "y", "origin": [7.81877, 5, 10.0001]},
			"faces": {
				"north": {"uv": [2.75, 3.5, 2.875, 3.625], "rotation": 90, "texture": "#9"},
				"east": {"uv": [2.25, 5, 2.125, 5.375], "rotation": 270, "texture": "#9"},
				"south": {"uv": [3.25, 3.75, 3.375, 3.875], "rotation": 270, "texture": "#9"},
				"west": {"uv": [3.125, 5.125, 3, 4.75], "rotation": 270, "texture": "#9"},
				"up": {"uv": [5, 2.375, 5.375, 2.5], "rotation": 270, "texture": "#9"},
				"down": {"uv": [5, 2.625, 5.375, 2.75], "rotation": 270, "texture": "#9"}
			}
		},
		{
			"from": [-1.71359, 4.56483, 1.65707],
			"to": [-0.71159, 5.56683, 4.65907],
			"rotation": {"angle": 22.5, "axis": "y", "origin": [7.81877, 5, 10.0001]},
			"faces": {
				"north": {"uv": [3.75, 4.125, 3.875, 4.25], "rotation": 90, "texture": "#9"},
				"east": {"uv": [5.125, 3.375, 5, 3.75], "rotation": 270, "texture": "#9"},
				"south": {"uv": [1.5, 4.25, 1.625, 4.375], "rotation": 270, "texture": "#9"},
				"west": {"uv": [3.375, 5.375, 3.25, 5], "rotation": 270, "texture": "#9"},
				"up": {"uv": [5, 2.875, 5.375, 3], "rotation": 270, "texture": "#9"},
				"down": {"uv": [5, 3.125, 5.375, 3.25], "rotation": 270, "texture": "#9"}
			}
		},
		{
			"from": [-3.74977, 4.56483, 16.98104],
			"to": [-0.74777, 5.56683, 17.98304],
			"rotation": {"angle": -45, "axis": "y", "origin": [7.81877, 5, 10.0001]},
			"faces": {
				"north": {"uv": [0, 5.25, 0.125, 5.625], "rotation": 90, "texture": "#9"},
				"east": {"uv": [5.75, 1.75, 5.625, 1.875], "rotation": 270, "texture": "#9"},
				"south": {"uv": [1.5, 5.25, 1.625, 5.625], "rotation": 270, "texture": "#9"},
				"west": {"uv": [5.75, 1.625, 5.625, 1.5], "rotation": 270, "texture": "#9"},
				"up": {"uv": [0.25, 5.25, 0.375, 5.625], "rotation": 270, "texture": "#9"},
				"down": {"uv": [1.75, 5.25, 1.875, 5.625], "rotation": 270, "texture": "#9"}
			}
		},
		{
			"from": [-6.26759, 4.56483, 14.1501],
			"to": [-3.26559, 5.56683, 15.1521],
			"rotation": {"angle": -22.5, "axis": "y", "origin": [7.81877, 5, 10.0001]},
			"faces": {
				"north": {"uv": [2.875, 5.25, 3, 5.625], "rotation": 90, "texture": "#9"},
				"east": {"uv": [2.375, 5.625, 2.25, 5.75], "rotation": 270, "texture": "#9"},
				"south": {"uv": [5.25, 3.875, 5.375, 4.25], "rotation": 270, "texture": "#9"},
				"west": {"uv": [5.75, 2.125, 5.625, 2], "rotation": 270, "texture": "#9"},
				"up": {"uv": [5.25, 3.375, 5.375, 3.75], "rotation": 270, "texture": "#9"},
				"down": {"uv": [5.25, 4.375, 5.375, 4.75], "rotation": 270, "texture": "#9"}
			}
		},
		{
			"from": [16.34914, 4.56483, 1.65707],
			"to": [17.35114, 5.56683, 4.65907],
			"rotation": {"angle": -22.5, "axis": "y", "origin": [7.81877, 5, 10.0001]},
			"faces": {
				"north": {"uv": [3.75, 4.25, 3.875, 4.125], "rotation": 90, "texture": "#9"},
				"east": {"uv": [3.375, 5, 3.25, 5.375], "rotation": 270, "texture": "#9"},
				"south": {"uv": [1.5, 4.375, 1.625, 4.25], "rotation": 270, "texture": "#9"},
				"west": {"uv": [5.125, 3.75, 5, 3.375], "rotation": 270, "texture": "#9"},
				"up": {"uv": [5, 3, 5.375, 2.875], "rotation": 270, "texture": "#9"},
				"down": {"uv": [5, 3.25, 5.375, 3.125], "rotation": 270, "texture": "#9"}
			}
		},
		{
			"from": [16.38532, 4.56483, 16.98104],
			"to": [19.38732, 5.56683, 17.98304],
			"rotation": {"angle": 45, "axis": "y", "origin": [7.81877, 5, 10.0001]},
			"faces": {
				"north": {"uv": [0, 5.625, 0.125, 5.25], "rotation": 90, "texture": "#9"},
				"east": {"uv": [5.75, 1.5, 5.625, 1.625], "rotation": 270, "texture": "#9"},
				"south": {"uv": [1.5, 5.625, 1.625, 5.25], "rotation": 270, "texture": "#9"},
				"west": {"uv": [5.75, 1.875, 5.625, 1.75], "rotation": 270, "texture": "#9"},
				"up": {"uv": [0.25, 5.625, 0.375, 5.25], "rotation": 270, "texture": "#9"},
				"down": {"uv": [1.75, 5.625, 1.875, 5.25], "rotation": 270, "texture": "#9"}
			}
		},
		{
			"from": [18.90314, 4.56483, 14.1501],
			"to": [21.90514, 5.56683, 15.1521],
			"rotation": {"angle": 22.5, "axis": "y", "origin": [7.81877, 5, 10.0001]},
			"faces": {
				"north": {"uv": [2.875, 5.625, 3, 5.25], "rotation": 90, "texture": "#9"},
				"east": {"uv": [5.75, 2, 5.625, 2.125], "rotation": 270, "texture": "#9"},
				"south": {"uv": [5.25, 4.25, 5.375, 3.875], "rotation": 270, "texture": "#9"},
				"west": {"uv": [2.375, 5.75, 2.25, 5.625], "rotation": 270, "texture": "#9"},
				"up": {"uv": [5.25, 3.75, 5.375, 3.375], "rotation": 270, "texture": "#9"},
				"down": {"uv": [5.25, 4.75, 5.375, 4.375], "rotation": 270, "texture": "#9"}
			}
		},
		{
			"from": [22.70106, 4.56483, 7.23064],
			"to": [25.70306, 5.56683, 8.23264],
			"rotation": {"angle": -22.5, "axis": "y", "origin": [7.81877, 5, 10.0001]},
			"faces": {
				"north": {"uv": [5.25, 5.125, 5.375, 5.5], "rotation": 90, "texture": "#9"},
				"east": {"uv": [4.75, 5.625, 4.625, 5.75], "rotation": 270, "texture": "#9"},
				"south": {"uv": [0.5, 5.375, 0.625, 5.75], "rotation": 270, "texture": "#9"},
				"west": {"uv": [2.625, 5.75, 2.5, 5.625], "rotation": 270, "texture": "#9"},
				"up": {"uv": [5.375, 0.25, 5.5, 0.625], "rotation": 270, "texture": "#9"},
				"down": {"uv": [0.75, 5.375, 0.875, 5.75], "rotation": 270, "texture": "#9"}
			}
		},
		{
			"from": [14.69623, 4.56483, 22.95512],
			"to": [15.69823, 5.56683, 25.95712],
			"rotation": {"angle": 45, "axis": "y", "origin": [7.81877, 5, 10.0001]},
			"faces": {
				"north": {"uv": [4.875, 5.625, 5, 5.75], "rotation": 90, "texture": "#9"},
				"east": {"uv": [5.625, 2.375, 5.5, 2.75], "rotation": 270, "texture": "#9"},
				"south": {"uv": [5.125, 5.625, 5.25, 5.75], "rotation": 270, "texture": "#9"},
				"west": {"uv": [2.125, 5.875, 2, 5.5], "rotation": 270, "texture": "#9"},
				"up": {"uv": [5.375, 0.75, 5.75, 0.875], "rotation": 270, "texture": "#9"},
				"down": {"uv": [2.375, 5.375, 2.75, 5.5], "rotation": 270, "texture": "#9"}
			}
		},
		{
			"from": [-4.01484, 4.56483, 19.45206],
			"to": [-3.01284, 5.56683, 22.45406],
			"rotation": {"angle": -22.5, "axis": "y", "origin": [7.81877, 5, 10.0001]},
			"faces": {
				"north": {"uv": [0, 5.75, 0.125, 5.875], "rotation": 90, "texture": "#9"},
				"east": {"uv": [3.75, 5.5, 3.625, 5.875], "rotation": 270, "texture": "#9"},
				"south": {"uv": [0.25, 5.75, 0.375, 5.875], "rotation": 270, "texture": "#9"},
				"west": {"uv": [5.625, 3.5, 5.5, 3.125], "rotation": 270, "texture": "#9"},
				"up": {"uv": [5.5, 2.875, 5.875, 3], "rotation": 270, "texture": "#9"},
				"down": {"uv": [3.125, 5.5, 3.5, 5.625], "rotation": 270, "texture": "#9"}
			}
		},
		{
			"from": [-0.06068, 4.56483, 22.95512],
			"to": [0.94132, 5.56683, 25.95712],
			"rotation": {"angle": -45, "axis": "y", "origin": [7.81877, 5, 10.0001]},
			"faces": {
				"north": {"uv": [1.5, 5.75, 1.625, 5.875], "rotation": 90, "texture": "#9"},
				"east": {"uv": [4.5, 5.5, 4.375, 5.875], "rotation": 270, "texture": "#9"},
				"south": {"uv": [1.75, 5.75, 1.875, 5.875], "rotation": 270, "texture": "#9"},
				"west": {"uv": [5.625, 4.25, 5.5, 3.875], "rotation": 270, "texture": "#9"},
				"up": {"uv": [5.5, 3.625, 5.875, 3.75], "rotation": 270, "texture": "#9"},
				"down": {"uv": [3.875, 5.5, 4.25, 5.625], "rotation": 270, "texture": "#9"}
			}
		},
		{
			"from": [-10.06551, 4.56483, 7.23064],
			"to": [-7.06351, 5.56683, 8.23264],
			"rotation": {"angle": 22.5, "axis": "y", "origin": [7.81877, 5, 10.0001]},
			"faces": {
				"north": {"uv": [5.5, 4.375, 5.625, 4.75], "rotation": 90, "texture": "#9"},
				"east": {"uv": [5.875, 2.5, 5.75, 2.625], "rotation": 270, "texture": "#9"},
				"south": {"uv": [5.5, 5.375, 5.625, 5.75], "rotation": 270, "texture": "#9"},
				"west": {"uv": [5.875, 2.375, 5.75, 2.25], "rotation": 270, "texture": "#9"},
				"up": {"uv": [5.5, 4.875, 5.625, 5.25], "rotation": 270, "texture": "#9"},
				"down": {"uv": [5.625, 0, 5.75, 0.375], "rotation": 270, "texture": "#9"}
			}
		},
		{
			"from": [-0.89413, 3.54276, 14.37335],
			"to": [2.10587, 6.54276, 17.37335],
			"rotation": {"angle": -45, "axis": "y", "origin": [7.81877, 5, 10.0001]},
			"faces": {
				"north": {"uv": [3.875, 1.5, 4.25, 1.875], "rotation": 90, "texture": "#9"},
				"east": {"uv": [4.375, 3, 4, 3.375], "rotation": 270, "texture": "#9"},
				"south": {"uv": [4, 2, 4.375, 2.375], "rotation": 270, "texture": "#9"},
				"west": {"uv": [4.375, 2.875, 4, 2.5], "rotation": 270, "texture": "#9"},
				"up": {"uv": [1.75, 4, 2.125, 4.375], "rotation": 270, "texture": "#9"},
				"down": {"uv": [2.25, 4, 2.625, 4.375], "rotation": 270, "texture": "#9"}
			}
		},
		{
			"from": [0.44413, 3.54176, 3.62399],
			"to": [4.44613, 6.54376, 6.62599],
			"rotation": {"angle": 22.5, "axis": "y", "origin": [7.81877, 5, 10.0001]},
			"faces": {
				"north": {"uv": [0.5, 2.875, 0.875, 3.375], "rotation": 90, "texture": "#9"},
				"east": {"uv": [4.375, 4, 4, 4.375], "rotation": 270, "texture": "#9"},
				"south": {"uv": [1.5, 2.875, 1.875, 3.375], "rotation": 270, "texture": "#9"},
				"west": {"uv": [4.375, 3.875, 4, 3.5], "rotation": 270, "texture": "#9"},
				"up": {"uv": [1, 2.875, 1.375, 3.375], "rotation": 270, "texture": "#9"},
				"down": {"uv": [2, 2.875, 2.375, 3.375], "rotation": 270, "texture": "#9"}
			}
		},
		{
			"from": [11.08804, 3.56576, 3.66681],
			"to": [15.09004, 6.56776, 6.66881],
			"rotation": {"angle": -22.5, "axis": "y", "origin": [7.81877, 5, 10.0001]},
			"faces": {
				"north": {"uv": [2.5, 2.875, 2.875, 3.375], "rotation": 90, "texture": "#9"},
				"east": {"uv": [0.875, 4.125, 0.5, 4.5], "rotation": 270, "texture": "#9"},
				"south": {"uv": [3, 1.25, 3.375, 1.75], "rotation": 270, "texture": "#9"},
				"west": {"uv": [4.5, 0.375, 4.125, 0], "rotation": 270, "texture": "#9"},
				"up": {"uv": [3, 0.625, 3.375, 1.125], "rotation": 270, "texture": "#9"},
				"down": {"uv": [3, 1.875, 3.375, 2.375], "rotation": 270, "texture": "#9"}
			}
		},
		{
			"from": [13.64994, 4.76872, 7.40724],
			"to": [14.64994, 4.76882, 11.40724],
			"rotation": {"angle": 0, "axis": "y", "origin": [7.81877, 5, 10.0001]},
			"faces": {
				"north": {"uv": [0.5, 5.875, 0.5, 6], "rotation": 90, "texture": "#9"},
				"east": {"uv": [0.75, 5.875, 0.75, 6.375], "rotation": 270, "texture": "#9"},
				"south": {"uv": [5.875, 0.5, 5.875, 0.625], "rotation": 270, "texture": "#9"},
				"west": {"uv": [0.625, 6.375, 0.625, 5.875], "rotation": 270, "texture": "#9"},
				"up": {"uv": [0, 5, 0.5, 5.125], "rotation": 270, "texture": "#9"},
				"down": {"uv": [1.5, 5, 2, 5.125], "rotation": 270, "texture": "#9"}
			}
		},
		{
			"from": [11.69994, 4.76872, 8.13224],
			"to": [12.69994, 4.76882, 13.13224],
			"rotation": {"angle": 0, "axis": "y", "origin": [7.81877, 5, 10.0001]},
			"faces": {
				"north": {"uv": [5.875, 0.75, 5.875, 0.875], "rotation": 90, "texture": "#9"},
				"east": {"uv": [5.875, 1, 5.875, 1.625], "rotation": 270, "texture": "#9"},
				"south": {"uv": [0.875, 5.875, 0.875, 6], "rotation": 270, "texture": "#9"},
				"west": {"uv": [1, 6.5, 1, 5.875], "rotation": 270, "texture": "#9"},
				"up": {"uv": [4.875, 1.125, 5.5, 1.25], "rotation": 270, "texture": "#9"},
				"down": {"uv": [4.875, 1.375, 5.5, 1.5], "rotation": 270, "texture": "#9"}
			}
		},
		{
			"from": [3.64994, 4.76872, 8.13224],
			"to": [4.64994, 4.76882, 13.13224],
			"rotation": {"angle": 0, "axis": "y", "origin": [7.81877, 5, 10.0001]},
			"faces": {
				"north": {"uv": [1.125, 5.875, 1.125, 6], "rotation": 90, "texture": "#9"},
				"east": {"uv": [2.25, 5.875, 2.25, 6.5], "rotation": 270, "texture": "#9"},
				"south": {"uv": [1.25, 5.875, 1.25, 6], "rotation": 270, "texture": "#9"},
				"west": {"uv": [1.375, 6.5, 1.375, 5.875], "rotation": 270, "texture": "#9"},
				"up": {"uv": [4.875, 1.625, 5.5, 1.75], "rotation": 270, "texture": "#9"},
				"down": {"uv": [4.75, 4.875, 5.375, 5], "rotation": 270, "texture": "#9"}
			}
		},
		{
			"from": [1.69994, 4.76872, 7.40724],
			"to": [2.69994, 4.76882, 11.40724],
			"rotation": {"angle": 0, "axis": "y", "origin": [7.81877, 5, 10.0001]},
			"faces": {
				"north": {"uv": [5.875, 1.75, 5.875, 1.875], "rotation": 90, "texture": "#9"},
				"east": {"uv": [2.5, 5.875, 2.5, 6.375], "rotation": 270, "texture": "#9"},
				"south": {"uv": [5.875, 2, 5.875, 2.125], "rotation": 270, "texture": "#9"},
				"west": {"uv": [2.375, 6.375, 2.375, 5.875], "rotation": 270, "texture": "#9"},
				"up": {"uv": [5, 1.875, 5.5, 2], "rotation": 270, "texture": "#9"},
				"down": {"uv": [5, 2.125, 5.5, 2.25], "rotation": 270, "texture": "#9"}
			}
		},
		{
			"from": [2.26283, 3.54276, 5.4],
			"to": [5.26283, 6.54276, 8.4],
			"rotation": {"angle": 0, "axis": "y", "origin": [7.81877, 5, 10.0001]},
			"faces": {
				"north": {"uv": [3.25, 4.125, 3.625, 4.5], "rotation": 90, "texture": "#9"},
				"east": {"uv": [4.75, 1.5, 4.375, 1.875], "rotation": 270, "texture": "#9"},
				"south": {"uv": [2.75, 4.25, 3.125, 4.625], "rotation": 270, "texture": "#9"},
				"west": {"uv": [4.75, 1.375, 4.375, 1], "rotation": 270, "texture": "#9"},
				"up": {"uv": [1, 4.25, 1.375, 4.625], "rotation": 270, "texture": "#9"},
				"down": {"uv": [4.375, 0.5, 4.75, 0.875], "rotation": 270, "texture": "#9"}
			}
		},
		{
			"from": [13.45256, 3.54276, 14.29423],
			"to": [16.45256, 6.54276, 17.29423],
			"rotation": {"angle": 45, "axis": "y", "origin": [7.81877, 5, 10.0001]},
			"faces": {
				"north": {"uv": [0, 4.5, 0.375, 4.875], "rotation": 90, "texture": "#9"},
				"east": {"uv": [4.875, 3, 4.5, 3.375], "rotation": 270, "texture": "#9"},
				"south": {"uv": [2, 4.5, 2.375, 4.875], "rotation": 270, "texture": "#9"},
				"west": {"uv": [4.875, 2.875, 4.5, 2.5], "rotation": 270, "texture": "#9"},
				"up": {"uv": [1.5, 4.5, 1.875, 4.875], "rotation": 270, "texture": "#9"},
				"down": {"uv": [4.5, 2, 4.875, 2.375], "rotation": 270, "texture": "#9"}
			}
		},
		{
			"from": [15.11291, 3.54276, 1.36631],
			"to": [19.11291, 6.54276, 4.36631],
			"rotation": {"angle": -45, "axis": "y", "origin": [7.81877, 5, 10.0001]},
			"faces": {
				"north": {"uv": [3, 2.5, 3.375, 3], "rotation": 90, "texture": "#9"},
				"east": {"uv": [4.125, 4.5, 3.75, 4.875], "rotation": 270, "texture": "#9"},
				"south": {"uv": [3, 3.125, 3.375, 3.625], "rotation": 270, "texture": "#9"},
				"west": {"uv": [4.875, 3.875, 4.5, 3.5], "rotation": 270, "texture": "#9"},
				"up": {"uv": [3.125, 0, 3.5, 0.5], "rotation": 270, "texture": "#9"},
				"down": {"uv": [0.5, 3.5, 0.875, 4], "rotation": 270, "texture": "#9"}
			}
		},
		{
			"from": [19.11291, 3.54276, 1.36631],
			"to": [21.11291, 6.54276, 4.36631],
			"rotation": {"angle": -45, "axis": "y", "origin": [7.81877, 5, 10.0001]},
			"faces": {
				"north": {"uv": [2.5, 4.75, 2.875, 5], "rotation": 90, "texture": "#9"},
				"east": {"uv": [4.625, 4.5, 4.25, 4.875], "rotation": 270, "texture": "#9"},
				"south": {"uv": [4.875, 0.375, 5.25, 0.625], "rotation": 270, "texture": "#9"},
				"west": {"uv": [4.875, 4.375, 4.5, 4], "rotation": 270, "texture": "#9"},
				"up": {"uv": [4.75, 4.5, 5.125, 4.75], "rotation": 270, "texture": "#9"},
				"down": {"uv": [4.875, 0.75, 5.25, 1], "rotation": 270, "texture": "#9"}
			}
		},
		{
			"from": [5.26283, 4.04276, 6],
			"to": [10.26283, 6.04276, 8],
			"rotation": {"angle": 0, "axis": "y", "origin": [7.81877, 5, 10.0001]},
			"faces": {
				"north": {"uv": [3.5, 0.625, 3.75, 1.25], "rotation": 90, "texture": "#9"},
				"east": {"uv": [0.875, 5, 0.625, 5.25], "rotation": 270, "texture": "#9"},
				"south": {"uv": [1.375, 3.5, 1.625, 4.125], "rotation": 270, "texture": "#9"},
				"west": {"uv": [2.875, 0.875, 2.625, 0.625], "rotation": 270, "texture": "#9"},
				"up": {"uv": [1, 3.5, 1.25, 4.125], "rotation": 270, "texture": "#9"},
				"down": {"uv": [3.5, 1.375, 3.75, 2], "rotation": 270, "texture": "#9"}
			}
		},
		{
			"from": [5.26283, 3.04276, 2],
			"to": [10.26283, 4.04276, 21],
			"rotation": {"angle": 0, "axis": "y", "origin": [7.81877, 5, 10.0001]},
			"faces": {
				"north": {"uv": [6.75, 3.9375, 7, 4.5625], "rotation": 90, "texture": "#9"},
				"east": {"uv": [4.125, 8.3125, 3.875, 8.5625], "rotation": 270, "texture": "#9"},
				"south": {"uv": [4.625, 6.8125, 4.875, 7.4375], "rotation": 270, "texture": "#9"},
				"west": {"uv": [6.125, 4.1875, 5.875, 3.9375], "rotation": 270, "texture": "#9"},
				"up": {"uv": [4.25, 6.8125, 4.5, 7.4375], "rotation": 270, "texture": "#9"},
				"down": {"uv": [6.75, 4.6875, 7, 5.3125], "rotation": 270, "texture": "#9"}
			}
		},
		{
			"from": [-0.34568, 5.23113, 16.82107],
			"to": [13.65452, 5.23133, 17.82127],
			"rotation": {"angle": 45, "axis": "y", "origin": [7.81877, 5, 10.0001]},
			"faces": {
				"north": {"uv": [3.875, 5.75, 3.875, 7.5], "rotation": 90, "texture": "#9"},
				"east": {"uv": [4.125, 5.75, 4.125, 5.875], "rotation": 270, "texture": "#9"},
				"south": {"uv": [5.75, 3.875, 5.75, 5.625], "rotation": 270, "texture": "#9"},
				"west": {"uv": [4, 5.875, 4, 5.75], "rotation": 270, "texture": "#9"},
				"up": {"uv": [1.5, 1, 1.625, 2.75], "rotation": 270, "texture": "#9"},
				"down": {"uv": [1.75, 1, 1.875, 2.75], "rotation": 270, "texture": "#9"}
			}
		},
		{
			"from": [1.23811, 5.18113, 17.19439],
			"to": [15.23831, 5.18133, 18.19459],
			"rotation": {"angle": -45, "axis": "y", "origin": [7.81877, 5, 10.0001]},
			"faces": {
				"north": {"uv": [4.25, 5.75, 4.25, 7.5], "rotation": 90, "texture": "#9"},
				"east": {"uv": [5.875, 0.25, 5.875, 0.375], "rotation": 270, "texture": "#9"},
				"south": {"uv": [5.75, 5.75, 5.75, 7.5], "rotation": 270, "texture": "#9"},
				"west": {"uv": [5.875, 0.125, 5.875, 0], "rotation": 270, "texture": "#9"},
				"up": {"uv": [2, 1, 2.125, 2.75], "rotation": 270, "texture": "#9"},
				"down": {"uv": [2.25, 1, 2.375, 2.75], "rotation": 270, "texture": "#9"}
			}
		}
	],
	"gui_light": "front",
	"display": {
		"thirdperson_righthand": {
			"translation": [0, 3, 0],
			"scale": [0.61, 0.61, 0.61]
		},
		"thirdperson_lefthand": {
			"translation": [0, 3, 0],
			"scale": [0.61, 0.61, 0.61]
		},
		"firstperson_righthand": {
			"rotation": [0, -9, 0],
			"translation": [1.5, 4.5, 2.25],
			"scale": [0.45, 0.45, 0.45]
		},
		"firstperson_lefthand": {
			"rotation": [0, -9, 0],
			"translation": [1.5, 4.5, 2.25],
			"scale": [0.45, 0.45, 0.45]
		},
		"ground": {
			"rotation": [-45, 0, 0],
			"translation": [0, 5.25, 0],
			"scale": [0.5, 0.5, 0.5]
		},
		"gui": {
			"rotation": [-90, -139, 180],
			"translation": [1.25, 1, -2.75],
			"scale": [0.48, 0.48, 0.48]
		},
		"head": {
			"rotation": [90, -38, 0],
			"translation": [3.5, -15.5, 8.5]
		},
		"fixed": {
			"rotation": [90, 0, -180],
			"translation": [0, 0, -2.75],
			"scale": [0.57, 0.57, 0.57]
		}
	},
	"groups": [
		{
			"name": "group",
			"origin": [6.5, -3.12374, 10.44935],
			"color": 0,
			"children": [
				{
					"name": "group",
					"origin": [8.05, -0.76767, 17.41441],
					"color": 0,
					"children": [
						{
							"name": "group",
							"origin": [8.025, 5.27892, 17.37795],
							"color": 0,
							"children": []
						}
					]
				},
				0,
				1,
				2,
				3,
				4,
				5,
				6,
				7,
				8,
				9,
				10,
				11,
				12,
				13,
				14,
				15,
				16,
				17,
				18,
				19,
				20,
				21,
				22,
				23,
				24,
				25,
				26,
				{
					"name": "group",
					"origin": [7.81877, 5, 10.0001],
					"color": 0,
					"children": []
				},
				27,
				28,
				29,
				{
					"name": "group",
					"origin": [9.675, 5.91507, 4.8],
					"color": 0,
					"children": []
				}
			]
		}
	]
}