{
	"credit": "Made with Blockbench",
	"texture_size": [128, 128],
	"textures": {
		"2": "custom:frosty/wintercow_shield",
		"particle": "block/texture"
	},
	"elements": [
		{
			"from": [7.003, -3.70411, 8.003],
			"to": [8.997, 2.28989, 13.997],
			"rotation": {"angle": -45, "axis": "x", "origin": [8, -0.70711, 11]},
			"faces": {
				"north": {"uv": [2, 6.75, 2.25, 7.5], "texture": "#2"},
				"east": {"uv": [0, 2.75, 0.75, 3.5], "texture": "#2"},
				"south": {"uv": [2.375, 6.75, 2.625, 7.5], "texture": "#2"},
				"west": {"uv": [0.875, 2.75, 1.625, 3.5], "texture": "#2"},
				"up": {"uv": [3, 7.5, 2.75, 6.75], "texture": "#2"},
				"down": {"uv": [7, 3, 6.75, 3.75], "texture": "#2"}
			}
		},
		{
			"from": [7.028, 4.63904, 7.65985],
			"to": [9.022, 10.63304, 13.65385],
			"rotation": {"angle": -45, "axis": "x", "origin": [7.95, -0.36396, 10.65685]},
			"faces": {
				"north": {"uv": [3.125, 6.75, 3.375, 7.5], "texture": "#2"},
				"east": {"uv": [3.125, 0, 3.875, 0.75], "texture": "#2"},
				"south": {"uv": [6.75, 3.875, 7, 4.625], "texture": "#2"},
				"west": {"uv": [3.125, 0.875, 3.875, 1.625], "texture": "#2"},
				"up": {"uv": [4.5, 7.5, 4.25, 6.75], "texture": "#2"},
				"down": {"uv": [4.875, 6.75, 4.625, 7.5], "texture": "#2"}
			}
		},
		{
			"from": [7.003, -3.70411, 2.003],
			"to": [8.997, 2.28989, 7.997],
			"rotation": {"angle": 45, "axis": "x", "origin": [8, -0.70711, 5]},
			"faces": {
				"north": {"uv": [6.75, 6.125, 7, 6.875], "texture": "#2"},
				"east": {"uv": [3.125, 1.75, 3.875, 2.5], "texture": "#2"},
				"south": {"uv": [6.75, 7, 7, 7.75], "texture": "#2"},
				"west": {"uv": [3.125, 2.625, 3.875, 3.375], "texture": "#2"},
				"up": {"uv": [7.375, 3.75, 7.125, 3], "texture": "#2"},
				"down": {"uv": [7.375, 3.875, 7.125, 4.625], "texture": "#2"}
			}
		},
		{
			"from": [8, 8.53553, 5],
			"to": [8, 18.53553, 11],
			"rotation": {"angle": 0, "axis": "y", "origin": [8, 5.53553, 7]},
			"faces": {
				"north": {"uv": [5, 7.25, 5, 8.5], "texture": "#2"},
				"east": {"uv": [0, 0, 0.75, 1.25], "texture": "#2"},
				"south": {"uv": [5.125, 7.25, 5.125, 8.5], "texture": "#2"},
				"west": {"uv": [0.875, 0, 1.625, 1.25], "texture": "#2"},
				"up": {"uv": [4.875, 8.375, 4.875, 7.625], "texture": "#2"},
				"down": {"uv": [5.25, 7.75, 5.25, 8.5], "texture": "#2"}
			}
		},
		{
			"from": [7.5, -13.46447, 5],
			"to": [7.5, -3.46447, 11],
			"rotation": {"angle": 0, "axis": "y", "origin": [8, 5.53553, 7]},
			"faces": {
				"north": {"uv": [5.375, 7.75, 5.375, 9], "texture": "#2"},
				"east": {"uv": [0, 1.375, 0.75, 2.625], "texture": "#2"},
				"south": {"uv": [5.5, 7.75, 5.5, 9], "texture": "#2"},
				"west": {"uv": [0.875, 1.375, 1.625, 2.625], "texture": "#2"},
				"up": {"uv": [5.625, 8.5, 5.625, 7.75], "texture": "#2"},
				"down": {"uv": [5.75, 7.75, 5.75, 8.5], "texture": "#2"}
			}
		},
		{
			"from": [7.525, 5.86545, 15.521],
			"to": [7.525, 15.86545, 18.521],
			"rotation": {"angle": 45, "axis": "x", "origin": [7.525, 10.86545, 15.021]},
			"faces": {
				"north": {"uv": [5.875, 7.75, 5.875, 9], "texture": "#2"},
				"east": {"uv": [4.375, 3.5, 4.75, 4.75], "texture": "#2"},
				"south": {"uv": [6, 7.75, 6, 9], "texture": "#2"},
				"west": {"uv": [0, 4.5, 0.375, 5.75], "texture": "#2"},
				"up": {"uv": [7.5, 2.125, 7.5, 1.75], "texture": "#2"},
				"down": {"uv": [6.125, 7.75, 6.125, 8.125], "texture": "#2"}
			}
		},
		{
			"from": [7.775, 5.86545, 9.521],
			"to": [7.775, 15.86545, 12.521],
			"rotation": {"angle": 0, "axis": "x", "origin": [7.775, 10.86545, 15.021]},
			"faces": {
				"north": {"uv": [6.25, 7.75, 6.25, 9], "texture": "#2"},
				"east": {"uv": [0.5, 4.5, 0.875, 5.75], "texture": "#2"},
				"south": {"uv": [6.375, 7.75, 6.375, 9], "texture": "#2"},
				"west": {"uv": [1, 4.5, 1.375, 5.75], "texture": "#2"},
				"up": {"uv": [6.5, 8.125, 6.5, 7.75], "texture": "#2"},
				"down": {"uv": [6.625, 7.75, 6.625, 8.125], "texture": "#2"}
			}
		},
		{
			"from": [7.95, 4.53553, 14],
			"to": [7.95, 14.53553, 17],
			"rotation": {"angle": 22.5, "axis": "x", "origin": [7.65, 14.53553, 15]},
			"faces": {
				"north": {"uv": [7.875, 2.625, 7.875, 3.875], "texture": "#2"},
				"east": {"uv": [4.875, 0, 5.25, 1.25], "texture": "#2"},
				"south": {"uv": [7.875, 4, 7.875, 5.25], "texture": "#2"},
				"west": {"uv": [4.875, 1.375, 5.25, 2.625], "texture": "#2"},
				"up": {"uv": [7.875, 5.75, 7.875, 5.375], "texture": "#2"},
				"down": {"uv": [7.875, 5.875, 7.875, 6.25], "texture": "#2"}
			}
		},
		{
			"from": [8, -0.28901, 13.25976],
			"to": [8, 5.71099, 23.25976],
			"rotation": {"angle": 0, "axis": "y", "origin": [7.7625, -1.50662, 17.2176]},
			"faces": {
				"north": {"uv": [7.875, 6.375, 7.875, 7.125], "texture": "#2"},
				"east": {"uv": [1.75, 0, 3, 0.75], "texture": "#2"},
				"south": {"uv": [6.75, 7.875, 6.75, 8.625], "texture": "#2"},
				"west": {"uv": [1.75, 0.875, 3, 1.625], "texture": "#2"},
				"up": {"uv": [6.875, 9.125, 6.875, 7.875], "texture": "#2"},
				"down": {"uv": [7, 7.875, 7, 9.125], "texture": "#2"}
			}
		},
		{
			"from": [7.525, -7.43293, 13.75588],
			"to": [7.525, -4.43293, 23.75588],
			"rotation": {"angle": 45, "axis": "x", "origin": [7.7625, -1.50662, 17.2176]},
			"faces": {
				"north": {"uv": [7.875, 7.25, 7.875, 7.625], "texture": "#2"},
				"east": {"uv": [6.125, 3.25, 4.875, 3.625], "texture": "#2"},
				"south": {"uv": [7.875, 7.75, 7.875, 8.125], "texture": "#2"},
				"west": {"uv": [4.875, 3.25, 6.125, 3.625], "texture": "#2"},
				"up": {"uv": [8, 1.25, 8, 0], "texture": "#2"},
				"down": {"uv": [8, 1.375, 8, 2.625], "texture": "#2"}
			}
		},
		{
			"from": [7.95, -4.91303, 11.09296],
			"to": [7.95, -1.91303, 21.09296],
			"rotation": {"angle": 22.5, "axis": "x", "origin": [7.7625, -1.50662, 17.2176]},
			"faces": {
				"north": {"uv": [8, 2.75, 8, 3.125], "texture": "#2"},
				"east": {"uv": [6.125, 4.25, 4.875, 4.625], "texture": "#2"},
				"south": {"uv": [8, 3.25, 8, 3.625], "texture": "#2"},
				"west": {"uv": [4.875, 4.25, 6.125, 4.625], "texture": "#2"},
				"up": {"uv": [8, 5, 8, 3.75], "texture": "#2"},
				"down": {"uv": [8, 5.125, 8, 6.375], "texture": "#2"}
			}
		},
		{
			"from": [7.775, -1.81001, 11.58967],
			"to": [7.775, 1.18999, 21.58967],
			"rotation": {"angle": 0, "axis": "x", "origin": [7.7625, -1.50662, 17.2176]},
			"faces": {
				"north": {"uv": [8, 6.5, 8, 6.875], "texture": "#2"},
				"east": {"uv": [2.75, 5.25, 1.5, 5.625], "texture": "#2"},
				"south": {"uv": [8, 7, 8, 7.375], "texture": "#2"},
				"west": {"uv": [1.5, 5.25, 2.75, 5.625], "texture": "#2"},
				"up": {"uv": [8, 8.75, 8, 7.5], "texture": "#2"},
				"down": {"uv": [0, 8.125, 0, 9.375], "texture": "#2"}
			}
		},
		{
			"from": [7.325, -12.43133, 9.63843],
			"to": [7.325, -2.43133, 12.63843],
			"rotation": {"angle": -22.5, "axis": "x", "origin": [7.5375, -6.01711, 13.55265]},
			"faces": {
				"north": {"uv": [3.75, 8.125, 3.75, 9.375], "texture": "#2"},
				"east": {"uv": [0, 5.875, 0.375, 7.125], "texture": "#2"},
				"south": {"uv": [8.125, 3.75, 8.125, 5], "texture": "#2"},
				"west": {"uv": [0.5, 5.875, 0.875, 7.125], "texture": "#2"},
				"up": {"uv": [3.875, 8.5, 3.875, 8.125], "texture": "#2"},
				"down": {"uv": [4, 8.125, 4, 8.5], "texture": "#2"}
			}
		},
		{
			"from": [7.775, -12.05413, 4.75976],
			"to": [7.775, -2.05413, 7.75976],
			"rotation": {"angle": 0, "axis": "y", "origin": [7.7625, -7.68207, 5.06315]},
			"faces": {
				"north": {"uv": [0, 8.125, 0, 9.375], "rotation": 180, "texture": "#2"},
				"east": {"uv": [2.75, 5.25, 1.5, 5.625], "rotation": 270, "texture": "#2"},
				"south": {"uv": [8, 8.75, 8, 7.5], "texture": "#2"},
				"west": {"uv": [1.5, 5.25, 2.75, 5.625], "rotation": 90, "texture": "#2"},
				"up": {"uv": [8, 6.5, 8, 6.875], "rotation": 180, "texture": "#2"},
				"down": {"uv": [8, 7, 8, 7.375], "texture": "#2"}
			}
		},
		{
			"from": [7.95, -11.55743, 1.65673],
			"to": [7.95, -1.55743, 4.65673],
			"rotation": {"angle": 22.5, "axis": "x", "origin": [7.7625, -7.68207, 5.06315]},
			"faces": {
				"north": {"uv": [8, 5.125, 8, 6.375], "rotation": 180, "texture": "#2"},
				"east": {"uv": [6.125, 4.25, 4.875, 4.625], "rotation": 270, "texture": "#2"},
				"south": {"uv": [8, 5, 8, 3.75], "texture": "#2"},
				"west": {"uv": [4.875, 4.25, 6.125, 4.625], "rotation": 90, "texture": "#2"},
				"up": {"uv": [8, 2.75, 8, 3.125], "rotation": 180, "texture": "#2"},
				"down": {"uv": [8, 3.25, 8, 3.625], "texture": "#2"}
			}
		},
		{
			"from": [7.575, -9.72422, 1.75976],
			"to": [7.575, 0.27578, 4.75976],
			"rotation": {"angle": 22.5, "axis": "x", "origin": [7.5375, -4.01711, 0.55265]},
			"faces": {
				"north": {"uv": [8.125, 6.5, 8.125, 7.75], "rotation": 180, "texture": "#2"},
				"east": {"uv": [2.25, 6.25, 1, 6.625], "rotation": 270, "texture": "#2"},
				"south": {"uv": [8.125, 6.375, 8.125, 5.125], "texture": "#2"},
				"west": {"uv": [6.25, 2.5, 7.5, 2.875], "rotation": 90, "texture": "#2"},
				"up": {"uv": [4.625, 8.125, 4.625, 8.5], "rotation": 180, "texture": "#2"},
				"down": {"uv": [4.75, 8.125, 4.75, 8.5], "texture": "#2"}
			}
		},
		{
			"from": [7.75, -8.54785, -0.94735],
			"to": [7.75, 1.45215, 2.05265],
			"rotation": {"angle": 45, "axis": "x", "origin": [7.5375, -4.01711, 0.55265]},
			"faces": {
				"north": {"uv": [4.5, 8.125, 4.5, 9.375], "rotation": 180, "texture": "#2"},
				"east": {"uv": [6.5, 5.4375, 5.25, 5.8125], "rotation": 270, "texture": "#2"},
				"south": {"uv": [4.375, 9.375, 4.375, 8.125], "texture": "#2"},
				"west": {"uv": [1, 6.25, 2.25, 6.625], "rotation": 90, "texture": "#2"},
				"up": {"uv": [4.125, 8.125, 4.125, 8.5], "rotation": 180, "texture": "#2"},
				"down": {"uv": [4.25, 8.125, 4.25, 8.5], "texture": "#2"}
			}
		},
		{
			"from": [7.325, -3.1029, -5.86157],
			"to": [7.325, -0.1029, 4.13843],
			"rotation": {"angle": -22.5, "axis": "x", "origin": [7.5375, -4.01711, 0.55265]},
			"faces": {
				"north": {"uv": [4, 8.125, 4, 8.5], "rotation": 180, "texture": "#2"},
				"east": {"uv": [0, 5.875, 0.375, 7.125], "rotation": 270, "texture": "#2"},
				"south": {"uv": [3.875, 8.5, 3.875, 8.125], "texture": "#2"},
				"west": {"uv": [0.5, 5.875, 0.875, 7.125], "rotation": 90, "texture": "#2"},
				"up": {"uv": [3.75, 8.125, 3.75, 9.375], "rotation": 180, "texture": "#2"},
				"down": {"uv": [8.125, 3.75, 8.125, 5], "texture": "#2"}
			}
		},
		{
			"from": [7.75, -7.51711, 8.08338],
			"to": [7.75, -4.51711, 18.08338],
			"rotation": {"angle": 45, "axis": "x", "origin": [7.5375, -6.01711, 13.55265]},
			"faces": {
				"north": {"uv": [4.125, 8.125, 4.125, 8.5], "texture": "#2"},
				"east": {"uv": [6.5, 5.4375, 5.25, 5.8125], "texture": "#2"},
				"south": {"uv": [4.25, 8.125, 4.25, 8.5], "texture": "#2"},
				"west": {"uv": [1, 6.25, 2.25, 6.625], "texture": "#2"},
				"up": {"uv": [4.375, 9.375, 4.375, 8.125], "texture": "#2"},
				"down": {"uv": [4.5, 8.125, 4.5, 9.375], "texture": "#2"}
			}
		},
		{
			"from": [7.575, -4.81001, 9.25976],
			"to": [7.575, -1.81001, 19.25976],
			"rotation": {"angle": 22.5, "axis": "x", "origin": [7.5375, -6.01711, 13.55265]},
			"faces": {
				"north": {"uv": [4.625, 8.125, 4.625, 8.5], "texture": "#2"},
				"east": {"uv": [2.375, 6.25, 3.625, 6.625], "texture": "#2"},
				"south": {"uv": [4.75, 8.125, 4.75, 8.5], "texture": "#2"},
				"west": {"uv": [6.25, 2.5, 7.5, 2.875], "texture": "#2"},
				"up": {"uv": [8.125, 6.375, 8.125, 5.125], "texture": "#2"},
				"down": {"uv": [8.125, 6.5, 8.125, 7.75], "texture": "#2"}
			}
		},
		{
			"from": [7.525, -0.28901, -7.82455],
			"to": [7.525, 5.71099, 2.17545],
			"rotation": {"angle": 0, "axis": "y", "origin": [7.7625, -1.50662, -1.7824]},
			"faces": {
				"north": {"uv": [8.125, 7.875, 8.125, 8.625], "texture": "#2"},
				"east": {"uv": [1.75, 1.75, 3, 2.5], "texture": "#2"},
				"south": {"uv": [8.25, 0, 8.25, 0.75], "texture": "#2"},
				"west": {"uv": [1.75, 2.625, 3, 3.375], "texture": "#2"},
				"up": {"uv": [8.25, 2.125, 8.25, 0.875], "texture": "#2"},
				"down": {"uv": [8.25, 2.25, 8.25, 3.5], "texture": "#2"}
			}
		},
		{
			"from": [7.775, 5.86545, 3.20711],
			"to": [7.775, 15.86545, 6.20711],
			"rotation": {"angle": 0, "axis": "x", "origin": [7.775, 10.86545, 0.70711]},
			"faces": {
				"north": {"uv": [8.25, 3.625, 8.25, 4.875], "texture": "#2"},
				"east": {"uv": [6.25, 3, 6.625, 4.25], "texture": "#2"},
				"south": {"uv": [8.25, 5, 8.25, 6.25], "texture": "#2"},
				"west": {"uv": [3.75, 6.25, 4.125, 7.5], "texture": "#2"},
				"up": {"uv": [6.125, 8.625, 6.125, 8.25], "texture": "#2"},
				"down": {"uv": [8.25, 6.375, 8.25, 6.75], "texture": "#2"}
			}
		},
		{
			"from": [7.95, 4.53553, -1.2719],
			"to": [7.95, 14.53553, 1.7281],
			"rotation": {"angle": -22.5, "axis": "x", "origin": [7.65, 14.53553, 0.7281]},
			"faces": {
				"north": {"uv": [6.5, 8.25, 6.5, 9.5], "texture": "#2"},
				"east": {"uv": [5.25, 6.375, 5.625, 7.625], "texture": "#2"},
				"south": {"uv": [6.625, 8.25, 6.625, 9.5], "texture": "#2"},
				"west": {"uv": [5.75, 6.375, 6.125, 7.625], "texture": "#2"},
				"up": {"uv": [8.25, 7.25, 8.25, 6.875], "texture": "#2"},
				"down": {"uv": [7.125, 8.25, 7.125, 8.625], "texture": "#2"}
			}
		},
		{
			"from": [7.525, 5.86545, -2.79289],
			"to": [7.525, 15.86545, 0.20711],
			"rotation": {"angle": -45, "axis": "x", "origin": [7.525, 10.86545, 0.70711]},
			"faces": {
				"north": {"uv": [7.25, 8.25, 7.25, 9.5], "texture": "#2"},
				"east": {"uv": [6.25, 6.375, 6.625, 7.625], "texture": "#2"},
				"south": {"uv": [7.375, 8.25, 7.375, 9.5], "texture": "#2"},
				"west": {"uv": [6.75, 0, 7.125, 1.25], "texture": "#2"},
				"up": {"uv": [8.25, 7.75, 8.25, 7.375], "texture": "#2"},
				"down": {"uv": [7.5, 8.25, 7.5, 8.625], "texture": "#2"}
			}
		},
		{
			"from": [7, 3.525, 5],
			"to": [9, 9.525, 11],
			"rotation": {"angle": 0, "axis": "y", "origin": [8, 8, 8]},
			"faces": {
				"north": {"uv": [7.125, 4.75, 7.375, 5.5], "texture": "#2"},
				"east": {"uv": [1.75, 3.5, 2.5, 4.25], "texture": "#2"},
				"south": {"uv": [7.125, 5.625, 7.375, 6.375], "texture": "#2"},
				"west": {"uv": [2.625, 3.5, 3.375, 4.25], "texture": "#2"},
				"up": {"uv": [7.375, 7.25, 7.125, 6.5], "texture": "#2"},
				"down": {"uv": [0.25, 7.25, 0, 8], "texture": "#2"}
			}
		},
		{
			"from": [6.953, -0.70711, 0.7616],
			"to": [8.953, 5.29289, 6.7616],
			"rotation": {"angle": 0, "axis": "x", "origin": [8.003, 6.29289, 7.7616]},
			"faces": {
				"north": {"uv": [7.25, 0, 7.5, 0.75], "texture": "#2"},
				"east": {"uv": [0.75, 3.6875, 0, 4.4375], "texture": "#2"},
				"south": {"uv": [0.375, 7.25, 0.625, 8], "texture": "#2"},
				"west": {"uv": [0, 3.625, 0.75, 4.375], "texture": "#2"},
				"up": {"uv": [7.5, 1.625, 7.25, 0.875], "texture": "#2"},
				"down": {"uv": [7.375, 7.375, 7.125, 8.125], "texture": "#2"}
			}
		},
		{
			"from": [7.028, 4.63904, 2.34615],
			"to": [9.022, 10.63304, 8.34015],
			"rotation": {"angle": 45, "axis": "x", "origin": [7.95, -0.36396, 5.34315]},
			"faces": {
				"north": {"uv": [7.5, 3, 7.75, 3.75], "texture": "#2"},
				"east": {"uv": [0.875, 3.625, 1.625, 4.375], "texture": "#2"},
				"south": {"uv": [7.5, 3.875, 7.75, 4.625], "texture": "#2"},
				"west": {"uv": [4, 0, 4.75, 0.75], "texture": "#2"},
				"up": {"uv": [7.75, 5.5, 7.5, 4.75], "texture": "#2"},
				"down": {"uv": [7.75, 5.625, 7.5, 6.375], "texture": "#2"}
			}
		},
		{
			"from": [6.953, -0.70711, 9.2384],
			"to": [8.953, 5.29289, 15.2384],
			"rotation": {"angle": 0, "axis": "y", "origin": [8.003, 6.29289, 8.2384]},
			"faces": {
				"north": {"uv": [7.5, 6.5, 7.75, 7.25], "texture": "#2"},
				"east": {"uv": [4, 0.875, 4.75, 1.625], "texture": "#2"},
				"south": {"uv": [7.5, 7.375, 7.75, 8.125], "texture": "#2"},
				"west": {"uv": [4.75, 0.875, 4, 1.625], "texture": "#2"},
				"up": {"uv": [7.875, 0.75, 7.625, 0], "texture": "#2"},
				"down": {"uv": [1, 7.625, 0.75, 8.375], "texture": "#2"}
			}
		},
		{
			"from": [7, -4.94975, 5],
			"to": [9, 1.05025, 11],
			"rotation": {"angle": 0, "axis": "y", "origin": [8, 6.05025, 7]},
			"faces": {
				"north": {"uv": [7.625, 0.875, 7.875, 1.625], "texture": "#2"},
				"east": {"uv": [4, 2.625, 4.75, 3.375], "texture": "#2"},
				"south": {"uv": [1.125, 7.625, 1.375, 8.375], "texture": "#2"},
				"west": {"uv": [1.75, 4.375, 2.5, 5.125], "texture": "#2"},
				"up": {"uv": [1.75, 8.375, 1.5, 7.625], "texture": "#2"},
				"down": {"uv": [7.875, 1.75, 7.625, 2.5], "texture": "#2"}
			}
		},
		{
			"from": [6.101, 0.79389, 6.501],
			"to": [9.099, 3.79189, 9.499],
			"rotation": {"angle": -45, "axis": "x", "origin": [8.5, 2.29289, 8]},
			"faces": {
				"north": {"uv": [1.875, 7.625, 2.25, 8], "texture": "#2"},
				"east": {"uv": [2.375, 7.625, 2.75, 8], "texture": "#2"},
				"south": {"uv": [2.875, 7.625, 3.25, 8], "texture": "#2"},
				"west": {"uv": [3.375, 7.625, 3.75, 8], "texture": "#2"},
				"up": {"uv": [4.25, 8, 3.875, 7.625], "texture": "#2"},
				"down": {"uv": [4.75, 7.625, 4.375, 8], "texture": "#2"}
			}
		},
		{
			"from": [9.101, 3.20811, 7.501],
			"to": [11.099, 4.20611, 8.499],
			"rotation": {"angle": 0, "axis": "x", "origin": [9.6, 3.70711, 8]},
			"faces": {
				"north": {"uv": [5.375, 2.5, 5.625, 2.625], "texture": "#2"},
				"east": {"uv": [1.5, 5, 1.625, 5.125], "texture": "#2"},
				"south": {"uv": [5.75, 2.5, 6, 2.625], "texture": "#2"},
				"west": {"uv": [6.75, 2.25, 6.875, 2.375], "texture": "#2"},
				"up": {"uv": [1.25, 6, 1, 5.875], "texture": "#2"},
				"down": {"uv": [6.5, 4.375, 6.25, 4.5], "texture": "#2"}
			}
		},
		{
			"from": [10.101, 0.20811, 7.501],
			"to": [11.099, 3.20611, 8.499],
			"rotation": {"angle": 0, "axis": "y", "origin": [9.6, 3.70711, 8]},
			"faces": {
				"north": {"uv": [1.5, 4.5, 1.625, 4.875], "texture": "#2"},
				"east": {"uv": [3.5, 6.75, 3.625, 7.125], "texture": "#2"},
				"south": {"uv": [5, 6.75, 5.125, 7.125], "texture": "#2"},
				"west": {"uv": [7.25, 1.75, 7.375, 2.125], "texture": "#2"},
				"up": {"uv": [7.125, 2.375, 7, 2.25], "texture": "#2"},
				"down": {"uv": [0.875, 7.25, 0.75, 7.375], "texture": "#2"}
			}
		},
		{
			"from": [6.501, -0.70611, 5.001],
			"to": [9.499, 5.29189, 10.999],
			"rotation": {"angle": -45, "axis": "x", "origin": [8.5, 2.29289, 8]},
			"faces": {
				"north": {"uv": [6.625, 5.25, 7, 6], "texture": "#2"},
				"east": {"uv": [2.625, 4.375, 3.375, 5.125], "texture": "#2"},
				"south": {"uv": [1, 6.75, 1.375, 7.5], "texture": "#2"},
				"west": {"uv": [3.5, 4.375, 4.25, 5.125], "texture": "#2"},
				"up": {"uv": [7.125, 2.125, 6.75, 1.375], "texture": "#2"},
				"down": {"uv": [1.875, 6.75, 1.5, 7.5], "texture": "#2"}
			}
		}
	],
	"gui_light": "front",
	"display": {
		"thirdperson_righthand": {
			"rotation": [5, -180, 0],
			"translation": [2.75, 3, 2],
			"scale": [0.64, 0.64, 0.64]
		},
		"thirdperson_lefthand": {
			"rotation": [5, 0, 0],
			"translation": [2.75, 3, 2],
			"scale": [0.64, 0.64, 0.64]
		},
		"firstperson_righthand": {
			"rotation": [0, 92, 0]
		},
		"firstperson_lefthand": {
			"rotation": [0, -88, 0]
		},
		"ground": {
			"rotation": [-45, 0, 0],
			"translation": [0, 9.25, -2.25],
			"scale": [0.64, 0.64, 0.64]
		},
		"gui": {
			"rotation": [-90, -90, 90],
			"translation": [0.25, -3.25, -0.25],
			"scale": [0.53, 0.53, 0.53]
		},
		"head": {
			"rotation": [90, -38, -90],
			"translation": [4.75, -19.25, 4.25]
		},
		"fixed": {
			"rotation": [-90, -90, -90],
			"translation": [0.25, 4.75, -0.25],
			"scale": [0.81, 0.81, 0.81]
		}
	},
	"groups": [
		{
			"name": "group",
			"origin": [8.5, 5.29289, 8],
			"color": 0,
			"children": [0, 1, 2, 3, 4, 5, 6, 7, 8, 9, 10, 11, 12, 13, 14, 15, 16, 17, 18, 19, 20, 21, 22, 23, 24, 25, 26, 27, 28, 29, 30, 31, 32]
		}
	]
}