{
	"credit": "Made with Blockbench",
	"texture_size": [64, 64],
	"textures": {
		"3": "custom:bat/bat_rod"
	},
	"elements": [
		{
			"from": [6.70855, 17.77344, 0.73466],
			"to": [7.70855, 18.77344, 4.73466],
			"rotation": {"angle": 22.5, "axis": "x", "origin": [7.20855, 18.22344, 4.23466]},
			"faces": {
				"north": {"uv": [1.5, 8, 1.75, 8.25], "texture": "#3"},
				"east": {"uv": [3, 6.5, 4, 6.75], "texture": "#3"},
				"south": {"uv": [2, 8, 2.25, 8.25], "texture": "#3"},
				"west": {"uv": [6.5, 3.75, 7.5, 4], "texture": "#3"},
				"up": {"uv": [4.5, 7.5, 4.25, 6.5], "texture": "#3"},
				"down": {"uv": [6.75, 4.25, 6.5, 5.25], "texture": "#3"}
			}
		},
		{
			"from": [6.70855, 15.46503, 6.22482],
			"to": [7.70855, 17.46503, 11.22482],
			"rotation": {"angle": 22.5, "axis": "x", "origin": [7.20855, 21.09003, 9.39982]},
			"faces": {
				"north": {"uv": [3.75, 7, 4, 7.5], "texture": "#3"},
				"east": {"uv": [5, 1, 6.25, 1.5], "texture": "#3"},
				"south": {"uv": [2, 7.25, 2.25, 7.75], "texture": "#3"},
				"west": {"uv": [1.25, 5, 2.5, 5.5], "texture": "#3"},
				"up": {"uv": [2.25, 7, 2, 5.75], "texture": "#3"},
				"down": {"uv": [6.25, 3.75, 6, 5], "texture": "#3"}
			}
		},
		{
			"from": [6.19755, 12.03776, 10.48321],
			"to": [8.19955, 19.03976, 12.48521],
			"rotation": {"angle": -22.5, "axis": "x", "origin": [6.69855, 11.03876, 16.10921]},
			"faces": {
				"north": {"uv": [1.25, 3, 1.75, 4.75], "texture": "#3"},
				"east": {"uv": [3, 1.5, 3.5, 3.25], "texture": "#3"},
				"south": {"uv": [2, 3, 2.5, 4.75], "texture": "#3"},
				"west": {"uv": [2.75, 3.5, 3.25, 5.25], "texture": "#3"},
				"up": {"uv": [5.25, 7, 4.75, 6.5], "texture": "#3"},
				"down": {"uv": [6, 6.5, 5.5, 7], "texture": "#3"}
			}
		},
		{
			"from": [6.19855, -0.44459, 10.35746],
			"to": [8.21855, 10.57541, 12.37746],
			"rotation": {"angle": 0, "axis": "y", "origin": [7.70855, 12.06541, 10.86746]},
			"faces": {
				"north": {"uv": [0, 0, 0.5, 2.75], "texture": "#3"},
				"east": {"uv": [0.75, 0, 1.25, 2.75], "texture": "#3"},
				"south": {"uv": [1.5, 0, 2, 2.75], "texture": "#3"},
				"west": {"uv": [2.25, 0, 2.75, 2.75], "texture": "#3"},
				"up": {"uv": [6.75, 7, 6.25, 6.5], "texture": "#3"},
				"down": {"uv": [1.5, 6.75, 1, 7.25], "texture": "#3"}
			}
		},
		{
			"from": [5.69855, 9.55541, 9.85746],
			"to": [8.71855, 10.57541, 12.87746],
			"rotation": {"angle": 0, "axis": "y", "origin": [7.20855, 12.06541, 10.36746]},
			"faces": {
				"north": {"uv": [7, 4.25, 7.75, 4.5], "texture": "#3"},
				"east": {"uv": [7, 4.75, 7.75, 5], "texture": "#3"},
				"south": {"uv": [7, 6.25, 7.75, 6.5], "texture": "#3"},
				"west": {"uv": [7, 6.75, 7.75, 7], "texture": "#3"},
				"up": {"uv": [5.75, 2.5, 5, 1.75], "texture": "#3"},
				"down": {"uv": [6.25, 0, 5.5, 0.75], "texture": "#3"}
			}
		},
		{
			"from": [5.69855, 5.55541, 9.85746],
			"to": [8.71855, 6.57541, 12.87746],
			"rotation": {"angle": 0, "axis": "y", "origin": [7.20855, 12.06541, 10.36746]},
			"faces": {
				"north": {"uv": [4.75, 7.25, 5.5, 7.5], "texture": "#3"},
				"east": {"uv": [5.75, 7.25, 6.5, 7.5], "texture": "#3"},
				"south": {"uv": [6.75, 7.25, 7.5, 7.5], "texture": "#3"},
				"west": {"uv": [1, 7.5, 1.75, 7.75], "texture": "#3"},
				"up": {"uv": [3.5, 6.25, 2.75, 5.5], "texture": "#3"},
				"down": {"uv": [4.5, 5.5, 3.75, 6.25], "texture": "#3"}
			}
		},
		{
			"from": [5.69855, 1.55541, 9.85746],
			"to": [8.71855, 2.57541, 12.87746],
			"rotation": {"angle": 0, "axis": "y", "origin": [7.20855, 12.06541, 10.36746]},
			"faces": {
				"north": {"uv": [7.5, 5.25, 8.25, 5.5], "texture": "#3"},
				"east": {"uv": [7.5, 5.75, 8.25, 6], "texture": "#3"},
				"south": {"uv": [7.75, 0, 8.5, 0.25], "texture": "#3"},
				"west": {"uv": [7.75, 0.5, 8.5, 0.75], "texture": "#3"},
				"up": {"uv": [5.5, 6.25, 4.75, 5.5], "texture": "#3"},
				"down": {"uv": [1.75, 5.75, 1, 6.5], "texture": "#3"}
			}
		},
		{
			"from": [7.34605, 8.41376, 9.71026],
			"to": [7.34605, 18.41376, 10.71026],
			"rotation": {"angle": -22.5, "axis": "x", "origin": [5.82105, 9.41376, 15.33526]},
			"faces": {
				"north": {"uv": [7.75, 8, 7.75, 10.5], "texture": "#3"},
				"east": {"uv": [0, 5.5, 0.25, 8], "texture": "#3"},
				"south": {"uv": [8, 8, 8, 10.5], "texture": "#3"},
				"west": {"uv": [0.5, 5.5, 0.75, 8], "texture": "#3"},
				"up": {"uv": [2.75, 3.25, 2.75, 3], "texture": "#3"},
				"down": {"uv": [2.5, 5.75, 2.5, 6], "texture": "#3"}
			}
		},
		{
			"from": [7.32105, 15.81231, 1.51829],
			"to": [7.32105, 16.81231, 7.51829],
			"rotation": {"angle": 22.5, "axis": "x", "origin": [7.32105, 16.31231, 5.14329]},
			"faces": {
				"north": {"uv": [1.75, 6.75, 1.75, 7], "texture": "#3"},
				"east": {"uv": [5, 2.75, 6.5, 3], "texture": "#3"},
				"south": {"uv": [6.75, 2.75, 6.75, 3], "texture": "#3"},
				"west": {"uv": [6, 3.25, 7.5, 3.5], "texture": "#3"},
				"up": {"uv": [0, 9.75, 0, 8.25], "texture": "#3"},
				"down": {"uv": [0.25, 8.25, 0.25, 9.75], "texture": "#3"}
			}
		},
		{
			"from": [6.78605, 15.41376, 8.73421],
			"to": [7.78605, 15.41376, 10.73421],
			"rotation": {"angle": -22.5, "axis": "x", "origin": [6.56105, 11.03876, 16.10921]},
			"faces": {
				"north": {"uv": [5, 3.25, 5.25, 3.25], "texture": "#3"},
				"east": {"uv": [7, 3, 7.5, 3], "texture": "#3"},
				"south": {"uv": [5.5, 3.25, 5.75, 3.25], "texture": "#3"},
				"west": {"uv": [8, 5, 8.5, 5], "texture": "#3"},
				"up": {"uv": [8, 1.5, 7.75, 1], "texture": "#3"},
				"down": {"uv": [8, 1.75, 7.75, 2.25], "texture": "#3"}
			}
		},
		{
			"from": [6.78605, 17.83876, 8.73421],
			"to": [7.78605, 17.83876, 10.73421],
			"rotation": {"angle": -22.5, "axis": "x", "origin": [6.56105, 11.03876, 16.10921]},
			"faces": {
				"north": {"uv": [6, 5.25, 6.25, 5.25], "texture": "#3"},
				"east": {"uv": [8, 6.75, 8.5, 6.75], "texture": "#3"},
				"south": {"uv": [6.5, 1.5, 6.75, 1.5], "texture": "#3"},
				"west": {"uv": [8, 7, 8.5, 7], "texture": "#3"},
				"up": {"uv": [8, 3, 7.75, 2.5], "texture": "#3"},
				"down": {"uv": [3.25, 7.75, 3, 8.25], "texture": "#3"}
			}
		},
		{
			"from": [6.78605, 14.82496, 5.18147],
			"to": [7.78605, 16.82496, 5.18147],
			"rotation": {"angle": 22.5, "axis": "x", "origin": [7.28605, 16.17496, 7.08147]},
			"faces": {
				"north": {"uv": [7.75, 3.25, 8, 3.75], "texture": "#3"},
				"east": {"uv": [8.25, 1, 8.25, 1.5], "texture": "#3"},
				"south": {"uv": [3.5, 7.75, 3.75, 8.25], "texture": "#3"},
				"west": {"uv": [8.25, 1.75, 8.25, 2.25], "texture": "#3"},
				"up": {"uv": [7.25, 5.25, 7, 5.25], "texture": "#3"},
				"down": {"uv": [8.5, 2.5, 8.25, 2.5], "texture": "#3"}
			}
		},
		{
			"from": [6.78605, 16.38045, 2.57623],
			"to": [7.78605, 18.38045, 2.57623],
			"rotation": {"angle": 0, "axis": "y", "origin": [7.28605, 17.75545, 2.35123]},
			"faces": {
				"north": {"uv": [4, 7.75, 4.25, 8.25], "texture": "#3"},
				"east": {"uv": [8.25, 2.75, 8.25, 3.25], "texture": "#3"},
				"south": {"uv": [4.5, 7.75, 4.75, 8.25], "texture": "#3"},
				"west": {"uv": [7, 8.25, 7, 8.75], "texture": "#3"},
				"up": {"uv": [8.5, 3.5, 8.25, 3.5], "texture": "#3"},
				"down": {"uv": [8.5, 3.75, 8.25, 3.75], "texture": "#3"}
			}
		},
		{
			"from": [6.10145, 9.53064, 7.24371],
			"to": [6.10145, 12.53064, 11.24371],
			"rotation": {"angle": 22.5, "axis": "x", "origin": [5.80145, 12.50009, 11.36746]},
			"faces": {
				"north": {"uv": [8.25, 7.25, 8.25, 8], "texture": "#3"},
				"east": {"uv": [3.75, 1.5, 4.75, 2.25], "texture": "#3"},
				"south": {"uv": [7.25, 8.25, 7.25, 9], "texture": "#3"},
				"west": {"uv": [3.5, 3.5, 4.5, 4.25], "texture": "#3"},
				"up": {"uv": [7.5, 9.25, 7.5, 8.25], "rotation": 180, "texture": "#3"},
				"down": {"uv": [8.25, 8.25, 8.25, 9.25], "rotation": 180, "texture": "#3"}
			}
		},
		{
			"from": [6.10145, 9.53064, 11.49121],
			"to": [6.10145, 12.53064, 15.49121],
			"rotation": {"angle": -22.5, "axis": "x", "origin": [5.80145, 12.50009, 11.36746]},
			"faces": {
				"north": {"uv": [1.5, 8.5, 1.5, 9.25], "texture": "#3"},
				"east": {"uv": [4.25, 0, 5.25, 0.75], "texture": "#3"},
				"south": {"uv": [8.5, 1, 8.5, 1.75], "texture": "#3"},
				"west": {"uv": [3.75, 2.5, 4.75, 3.25], "texture": "#3"},
				"up": {"uv": [1.75, 9.5, 1.75, 8.5], "rotation": 180, "texture": "#3"},
				"down": {"uv": [2, 8.5, 2, 9.5], "rotation": 180, "texture": "#3"}
			}
		},
		{
			"from": [5.50145, 12.93134, 10.06035],
			"to": [5.50145, 15.00634, 11.06035],
			"rotation": {"angle": 0, "axis": "y", "origin": [5.80145, 12.50009, 11.36746]},
			"faces": {
				"north": {"uv": [2.5, 8.5, 2.5, 9], "texture": "#3"},
				"east": {"uv": [5.5, 7.75, 5.75, 8.25], "texture": "#3"},
				"south": {"uv": [2.25, 8.5, 2.25, 9], "texture": "#3"},
				"west": {"uv": [5, 7.75, 5.25, 8.25], "texture": "#3"},
				"up": {"uv": [8.25, 4.75, 8.25, 4.5], "rotation": 180, "texture": "#3"},
				"down": {"uv": [8.25, 6.25, 8.25, 6.5], "rotation": 180, "texture": "#3"}
			}
		},
		{
			"from": [5.50145, 12.93134, 11.86035],
			"to": [5.50145, 15.00634, 12.86035],
			"rotation": {"angle": 0, "axis": "y", "origin": [5.80145, 12.50009, 11.36746]},
			"faces": {
				"north": {"uv": [8.5, 2.75, 8.5, 3.25], "texture": "#3"},
				"east": {"uv": [6.5, 7.75, 6.75, 8.25], "texture": "#3"},
				"south": {"uv": [2.75, 8.5, 2.75, 9], "texture": "#3"},
				"west": {"uv": [6, 7.75, 6.25, 8.25], "texture": "#3"},
				"up": {"uv": [8.5, 2.25, 8.5, 2], "rotation": 180, "texture": "#3"},
				"down": {"uv": [3, 8.5, 3, 8.75], "rotation": 180, "texture": "#3"}
			}
		},
		{
			"from": [4.50145, 11.53134, 10.46035],
			"to": [6.50145, 13.53134, 12.46035],
			"rotation": {"angle": 0, "axis": "y", "origin": [5.80145, 12.50009, 11.36746]},
			"faces": {
				"north": {"uv": [7, 0.75, 7.5, 1.25], "texture": "#3"},
				"east": {"uv": [7, 1.5, 7.5, 2], "texture": "#3"},
				"south": {"uv": [6.75, 5.5, 7.25, 6], "texture": "#3"},
				"west": {"uv": [7, 0, 7.5, 0.5], "texture": "#3"},
				"up": {"uv": [7.5, 2.75, 7, 2.25], "rotation": 180, "texture": "#3"},
				"down": {"uv": [3.5, 7, 3, 7.5], "rotation": 180, "texture": "#3"}
			}
		},
		{
			"from": [5.10145, 10.53134, 10.46035],
			"to": [6.10145, 11.53134, 12.46035],
			"rotation": {"angle": 0, "axis": "y", "origin": [5.80145, 12.50009, 11.36746]},
			"faces": {
				"north": {"uv": [8, 4, 8.25, 4.25], "texture": "#3"},
				"east": {"uv": [7, 7.75, 7.5, 8], "texture": "#3"},
				"south": {"uv": [2.5, 8, 2.75, 8.25], "texture": "#3"},
				"west": {"uv": [4.25, 1, 4.75, 1.25], "texture": "#3"},
				"up": {"uv": [8, 7.75, 7.75, 7.25], "rotation": 180, "texture": "#3"},
				"down": {"uv": [1.25, 8, 1, 8.5], "rotation": 180, "texture": "#3"}
			}
		},
		{
			"from": [5.50145, -1.46498, 9.61746],
			"to": [9.50145, 1.53502, 12.61746],
			"rotation": {"angle": 45, "axis": "x", "origin": [6.50145, -0.46498, 10.61746]},
			"faces": {
				"north": {"uv": [0, 4.5, 1, 5.25], "texture": "#3"},
				"east": {"uv": [5.75, 5.5, 6.5, 6.25], "texture": "#3"},
				"south": {"uv": [3.5, 4.5, 4.5, 5.25], "texture": "#3"},
				"west": {"uv": [6, 1.75, 6.75, 2.5], "texture": "#3"},
				"up": {"uv": [5.75, 4.25, 4.75, 3.5], "texture": "#3"},
				"down": {"uv": [5.75, 4.5, 4.75, 5.25], "texture": "#3"}
			}
		},
		{
			"from": [7.50145, -5.34366, 9.32457],
			"to": [7.50145, -0.34366, 13.32457],
			"rotation": {"angle": 0, "axis": "y", "origin": [8.50145, 1.65634, 15.32457]},
			"faces": {
				"north": {"uv": [3.25, 8.5, 3.25, 9.75], "texture": "#3"},
				"east": {"uv": [0, 3, 1, 4.25], "texture": "#3"},
				"south": {"uv": [3.5, 8.5, 3.5, 9.75], "texture": "#3"},
				"west": {"uv": [3, 0, 4, 1.25], "texture": "#3"},
				"up": {"uv": [3.75, 9.5, 3.75, 8.5], "texture": "#3"},
				"down": {"uv": [4, 8.5, 4, 9.5], "texture": "#3"}
			}
		}
	],
	"gui_light": "front",
	"display": {
		"thirdperson_righthand": {
			"rotation": [31, 0, 0],
			"translation": [0.5, 3.5, 2.5],
			"scale": [0.64, 0.64, 0.64]
		},
		"thirdperson_lefthand": {
			"rotation": [31, 0, 0],
			"translation": [0.5, 3.5, 2.5],
			"scale": [0.64, 0.64, 0.64]
		},
		"firstperson_righthand": {
			"translation": [-1, 0, 0]
		},
		"gui": {
			"rotation": [0, 90, 0],
			"translation": [-0.25, -0.25, -0.75],
			"scale": [0.56, 0.56, 0.56]
		},
		"fixed": {
			"rotation": [0, -90, 0],
			"translation": [-0.25, 0.5, -0.75],
			"scale": [0.76, 0.76, 0.76]
		}
	},
	"groups": [
		{
			"name": "group",
			"origin": [7.28605, 17.75545, 2.35123],
			"color": 0,
			"children": [0, 1, 2, 3, 4, 5, 6, 7, 8, 9, 10, 11, 12, 13, 14, 15, 16, 17, 18, 19, 20]
		}
	]
}