{"credit":"Made by Nog's Menagerie","texture_size":[64,64],"textures":{"0":"starplushieia:txt/plushie_strider_texture","particle":"starplushieia:txt/plushie_strider_texture"},"elements":[{"name":"leg_leg","from":[12.13057,0.01,4.2912],"to":[22.13057,3.01,7.2912],"rotation":{"angle":45,"axis":"y","origin":[16.38057,1.51,6.7912]},"faces":{"north":{"uv":[9,4.5,11.5,5.25],"texture":"#0"},"east":{"uv":[3,9.75,3.75,10.5],"texture":"#0"},"south":{"uv":[9,5.25,11.5,6],"texture":"#0"},"west":{"uv":[3.75,9.75,4.5,10.5],"texture":"#0"},"up":{"uv":[8.5,9.75,6,9],"texture":"#0"},"down":{"uv":[11.5,6,9,6.75],"texture":"#0"}}},{"name":"leg_leg","from":[-6.13057,0.01,4.2912],"to":[3.86943,3.01,7.2912],"rotation":{"angle":-45,"axis":"y","origin":[-0.38057,1.51,6.7912]},"faces":{"north":{"uv":[9,6.75,11.5,7.5],"texture":"#0"},"east":{"uv":[4.5,9.75,5.25,10.5],"texture":"#0"},"south":{"uv":[9,7.5,11.5,8.25],"texture":"#0"},"west":{"uv":[5.25,9.75,6,10.5],"texture":"#0"},"up":{"uv":[11.5,9,9,8.25],"texture":"#0"},"down":{"uv":[11,9,8.5,9.75],"texture":"#0"}}},{"name":"head","from":[2,0,2],"to":[14,10,14],"rotation":{"angle":0,"axis":"y","origin":[8,6.26387,8]},"faces":{"north":{"uv":[3,0,6,2.5],"texture":"#0"},"east":{"uv":[3,2.5,6,5],"texture":"#0"},"south":{"uv":[3,5,6,7.5],"texture":"#0"},"west":{"uv":[0,6,3,8.5],"texture":"#0"},"up":{"uv":[3,3,0,0],"texture":"#0"},"down":{"uv":[3,3,0,6],"texture":"#0"}}},{"name":"head","from":[-1.18198,2.31802,2],"to":[-1.18198,11.31802,14],"rotation":{"angle":-45,"axis":"z","origin":[-1.18198,6.81802,8]},"faces":{"north":{"uv":[0,0,0,2.25],"texture":"#0"},"east":{"uv":[6,2.25,9,4.5],"texture":"#0"},"south":{"uv":[0,0,0,2.25],"texture":"#0"},"west":{"uv":[9,2.25,6,4.5],"texture":"#0"},"up":{"uv":[0,0,0,3],"texture":"#0"},"down":{"uv":[0,3,0,0],"texture":"#0"}}},{"name":"head","from":[0.27792,-0.65746,2],"to":[0.27792,8.34254,14],"rotation":{"angle":-22.5,"axis":"z","origin":[0.27792,3.84254,8]},"faces":{"north":{"uv":[0,0,0,2.25],"texture":"#0"},"east":{"uv":[6,7.5,3,9.75],"texture":"#0"},"south":{"uv":[0,0,0,2.25],"texture":"#0"},"west":{"uv":[9,6.75,6,9],"texture":"#0"},"up":{"uv":[0,0,0,3],"texture":"#0"},"down":{"uv":[0,3,0,0],"texture":"#0"}}},{"name":"head","from":[17.18198,2.31802,2],"to":[17.18198,11.31802,14],"rotation":{"angle":45,"axis":"z","origin":[17.18198,6.81802,8]},"faces":{"north":{"uv":[0,0,0,2.25],"texture":"#0"},"east":{"uv":[12,0,9,2.25],"texture":"#0"},"south":{"uv":[0,0,0,2.25],"texture":"#0"},"west":{"uv":[9,2.25,6,4.5],"texture":"#0"},"up":{"uv":[0,0,0,3],"texture":"#0"},"down":{"uv":[0,3,0,0],"texture":"#0"}}},{"name":"head","from":[15.72208,-0.65746,2],"to":[15.72208,8.34254,14],"rotation":{"angle":22.5,"axis":"z","origin":[15.72208,3.84254,8]},"faces":{"north":{"uv":[0,0,0,2.25],"texture":"#0"},"east":{"uv":[6,7.5,3,9.75],"texture":"#0"},"south":{"uv":[0,0,0,2.25],"texture":"#0"},"west":{"uv":[3,7.5,6,9.75],"texture":"#0"},"up":{"uv":[0,0,0,3],"texture":"#0"},"down":{"uv":[0,3,0,0],"texture":"#0"}}}],"display":{"thirdperson_righthand":{"rotation":[24,13,0],"translation":[0,1.25,-0.5],"scale":[0.47,0.47,0.47]},"thirdperson_lefthand":{"rotation":[24,13,0],"translation":[0,1.25,-0.5],"scale":[0.47,0.47,0.47]},"firstperson_righthand":{"rotation":[0,109,5],"translation":[3.25,6.25,0],"scale":[0.63,0.63,0.63]},"firstperson_lefthand":{"rotation":[0,109,5],"translation":[3.25,6.25,0],"scale":[0.63,0.63,0.63]},"ground":{"translation":[0,3.5,0],"scale":[0.65,0.65,0.65]},"gui":{"rotation":[25,151,0],"translation":[0.5,1.75,0],"scale":[0.52,0.52,0.52]},"head":{"translation":[0,14.4,0]},"fixed":{"rotation":[-90,0,0],"translation":[0,0,-13.5],"scale":[1.7,1.7,1.7]}}}