{"credit":"Made by Nog's Menagerie","texture_size":[32,32],"textures":{"0":"starplushieia:txt/plushie_piglin_texture","particle":"starplushieia:txt/plushie_piglin_texture"},"elements":[{"name":"torso","from":[5.5,0,7.25],"to":[10.5,8,11.25],"rotation":{"angle":0,"axis":"y","origin":[8,2.0045,8.85355]},"faces":{"north":{"uv":[7,0,9.5,4],"texture":"#0"},"east":{"uv":[7,8,9,12],"texture":"#0"},"south":{"uv":[7,4,9.5,8],"texture":"#0"},"west":{"uv":[3.5,9,5.5,13],"texture":"#0"},"up":{"uv":[11.5,10,9,8],"texture":"#0"},"down":{"uv":[12,0,9.5,2],"texture":"#0"}}},{"name":"head","from":[4.5,5.35,4.85],"to":[11.5,11.35,11.85],"rotation":{"angle":-22.5,"axis":"x","origin":[8,7.5,8.25]},"faces":{"north":{"uv":[3.5,0,7,3],"texture":"#0"},"east":{"uv":[3.5,3,7,6],"texture":"#0"},"south":{"uv":[3.5,6,7,9],"texture":"#0"},"west":{"uv":[0,7,3.5,10],"texture":"#0"},"up":{"uv":[3.5,3.5,0,0],"texture":"#0"},"down":{"uv":[3.5,3.5,0,7],"texture":"#0"}}},{"name":"head","from":[3.7,6.31051,6.57577],"to":[4.7,11.31051,9.57577],"rotation":{"angle":-22.5,"axis":"z","origin":[2,8.78551,7.82577]},"faces":{"north":{"uv":[6.5,11.5,7,14],"texture":"#0"},"east":{"uv":[5.5,9,7,11.5],"texture":"#0"},"south":{"uv":[10,11.5,10.5,14],"texture":"#0"},"west":{"uv":[9.5,2,11,4.5],"texture":"#0"},"up":{"uv":[3.5,11.5,3,10],"texture":"#0"},"down":{"uv":[1.5,12.5,1,14],"texture":"#0"}}},{"name":"head","from":[11.3,6.31051,6.57577],"to":[12.3,11.31051,9.57577],"rotation":{"angle":22.5,"axis":"z","origin":[14,8.78551,7.82577]},"faces":{"north":{"uv":[7,12,7.5,14.5],"texture":"#0"},"east":{"uv":[9.5,4.5,11,7],"texture":"#0"},"south":{"uv":[7.5,12,8,14.5],"texture":"#0"},"west":{"uv":[0,10,1.5,12.5],"texture":"#0"},"up":{"uv":[13,13.5,12.5,12],"texture":"#0"},"down":{"uv":[13.5,2,13,3.5],"texture":"#0"}}},{"name":"head","from":[6.5,5.35,3.85],"to":[9.5,8.35,4.85],"rotation":{"angle":-22.5,"axis":"x","origin":[8,7.5,8.25]},"faces":{"north":{"uv":[1.5,10,3,11.5],"texture":"#0"},"east":{"uv":[3.5,13,4,14.5],"texture":"#0"},"south":{"uv":[9,10,10.5,11.5],"texture":"#0"},"west":{"uv":[13,3.5,13.5,5],"texture":"#0"},"up":{"uv":[5.5,13.5,4,13],"texture":"#0"},"down":{"uv":[14.5,5,13,5.5],"texture":"#0"}}},{"name":"head","from":[5.5,5.35,3.85],"to":[6.5,7.35,4.85],"rotation":{"angle":-22.5,"axis":"x","origin":[8,7.5,8.25]},"faces":{"north":{"uv":[11,6,11.5,7],"texture":"#0"},"east":{"uv":[8,13,8.5,14],"texture":"#0"},"south":{"uv":[8.5,13,9,14],"texture":"#0"},"west":{"uv":[10.5,13,11,14],"texture":"#0"},"up":{"uv":[13.5,6,13,5.5],"texture":"#0"},"down":{"uv":[13.5,13,13,13.5],"texture":"#0"}}},{"name":"head","from":[9.5,5.35,3.85],"to":[10.5,7.35,4.85],"rotation":{"angle":-22.5,"axis":"x","origin":[8,7.5,8.25]},"faces":{"north":{"uv":[11,13,11.5,14],"texture":"#0"},"east":{"uv":[11.5,13,12,14],"texture":"#0"},"south":{"uv":[12,13,12.5,14],"texture":"#0"},"west":{"uv":[13,12,13.5,13],"texture":"#0"},"up":{"uv":[0.5,14,0,13.5],"texture":"#0"},"down":{"uv":[1,13.5,0.5,14],"texture":"#0"}}},{"name":"leg_leg","from":[5,0.01,4.25],"to":[7,2.01,8.25],"rotation":{"angle":22.5,"axis":"y","origin":[8,0.01,6.25]},"faces":{"north":{"uv":[8,12,9,13],"texture":"#0"},"east":{"uv":[9.5,7,11.5,8],"texture":"#0"},"south":{"uv":[0,12.5,1,13.5],"texture":"#0"},"west":{"uv":[10.5,10,12.5,11],"texture":"#0"},"up":{"uv":[12,4,11,2],"texture":"#0"},"down":{"uv":[12,4,11,6],"texture":"#0"}}},{"name":"right_arm","from":[9.83187,1.74074,8.25],"to":[11.83187,5.74074,10.25],"rotation":{"angle":45,"axis":"z","origin":[10.83187,3.74074,9.25]},"faces":{"north":{"uv":[10.5,11,11.5,13],"texture":"#0"},"east":{"uv":[1.5,11.5,2.5,13.5],"texture":"#0"},"south":{"uv":[2.5,11.5,3.5,13.5],"texture":"#0"},"west":{"uv":[5.5,11.5,6.5,13.5],"texture":"#0"},"up":{"uv":[13.5,7,12.5,6],"texture":"#0"},"down":{"uv":[13.5,7,12.5,8],"texture":"#0"}}},{"name":"left_arm","from":[4.16813,1.74074,8.25],"to":[6.16813,5.74074,10.25],"rotation":{"angle":-45,"axis":"z","origin":[5.16813,3.74074,9.25]},"faces":{"north":{"uv":[11.5,6,12.5,8],"texture":"#0"},"east":{"uv":[11.5,8,12.5,10],"texture":"#0"},"south":{"uv":[9,11.5,10,13.5],"texture":"#0"},"west":{"uv":[11.5,11,12.5,13],"texture":"#0"},"up":{"uv":[13.5,9,12.5,8],"texture":"#0"},"down":{"uv":[13.5,9,12.5,10],"texture":"#0"}}},{"name":"right_leg","from":[9,0.01,4.25],"to":[11,2.01,8.25],"rotation":{"angle":-22.5,"axis":"y","origin":[8,0.01,6.25]},"faces":{"north":{"uv":[12.5,10,13.5,11],"texture":"#0"},"east":{"uv":[12,0,14,1],"texture":"#0"},"south":{"uv":[12.5,11,13.5,12],"texture":"#0"},"west":{"uv":[12,1,14,2],"texture":"#0"},"up":{"uv":[13,4,12,2],"texture":"#0"},"down":{"uv":[13,4,12,6],"texture":"#0"}}}],"display":{"thirdperson_righthand":{"rotation":[24,13,0],"translation":[0,1.25,-0.5],"scale":[0.6,0.6,0.6]},"thirdperson_lefthand":{"rotation":[24,13,0],"translation":[0,0.75,-0.5],"scale":[0.6,0.6,0.6]},"firstperson_righthand":{"rotation":[0,109,5],"translation":[3.25,5.75,0],"scale":[0.83,0.83,0.83]},"firstperson_lefthand":{"rotation":[0,109,5],"translation":[3.25,5.75,0],"scale":[0.83,0.83,0.83]},"ground":{"translation":[0,3.5,0],"scale":[0.65,0.65,0.65]},"gui":{"rotation":[25,151,0],"translation":[0,0.75,0],"scale":[0.79,0.79,0.79]},"head":{"translation":[0,14.4,0]},"fixed":{"rotation":[-90,0,0],"translation":[0,0,-13.5],"scale":[1.7,1.7,1.7]}}}