{"credit":"Made by Nog's Menagerie","texture_size":[64,64],"textures":{"0":"starplushieia:txt/plushie_witch","particle":"starplushieia:txt/plushie_witch"},"elements":[{"name":"torso","from":[5.5,0,7.25],"to":[10.5,8,11.25],"rotation":{"angle":0,"axis":"y","origin":[8,2.0045,8.85355]},"faces":{"north":{"uv":[1.75,5.25,3,7.25],"texture":"#0"},"east":{"uv":[3,5.25,4,7.25],"texture":"#0"},"south":{"uv":[5.75,0,7,2],"texture":"#0"},"west":{"uv":[5.75,2,6.75,4],"texture":"#0"},"up":{"uv":[1.25,7,0,6],"texture":"#0"},"down":{"uv":[5.25,6.25,4,7.25],"texture":"#0"}}},{"name":"head","from":[4.5,5.6,4.85],"to":[11.5,11.6,11.85],"rotation":{"angle":-22.5,"axis":"x","origin":[8,7.75,8.25]},"faces":{"north":{"uv":[4,1.75,5.75,3.25],"texture":"#0"},"east":{"uv":[4,3.25,5.75,4.75],"texture":"#0"},"south":{"uv":[0,4.5,1.75,6],"texture":"#0"},"west":{"uv":[4,4.75,5.75,6.25],"texture":"#0"},"up":{"uv":[4,1.75,2.25,0],"texture":"#0"},"down":{"uv":[4,1.75,2.25,3.5],"texture":"#0"}}},{"name":"head","from":[3.5,11.6,3.85],"to":[12.5,12.6,12.85],"rotation":{"angle":-22.5,"axis":"x","origin":[8,7.75,8.25]},"faces":{"north":{"uv":[7,1,9.25,1.25],"texture":"#0"},"east":{"uv":[7,1.25,9.25,1.5],"texture":"#0"},"south":{"uv":[7,1.5,9.25,1.75],"texture":"#0"},"west":{"uv":[7,1.75,9.25,2],"texture":"#0"},"up":{"uv":[2.25,2.25,0,0],"texture":"#0"},"down":{"uv":[2.25,2.25,0,4.5],"texture":"#0"}}},{"name":"head","from":[5.5,12.9646,3.45564],"to":[10.5,15.9646,8.45564],"rotation":{"angle":0,"axis":"y","origin":[8,15.9646,4.95564]},"faces":{"north":{"uv":[5.25,6.5,6.5,7.25],"texture":"#0"},"east":{"uv":[6.5,6.5,7.75,7.25],"texture":"#0"},"south":{"uv":[6.75,2,8,2.75],"texture":"#0"},"west":{"uv":[6.75,2.75,8,3.5],"texture":"#0"},"up":{"uv":[7,5.25,5.75,4],"texture":"#0"},"down":{"uv":[7,5.25,5.75,6.5],"texture":"#0"}}},{"name":"head","from":[5.5,15.9646,4.95564],"to":[7.5,17.9646,6.95564],"rotation":{"angle":22.5,"axis":"z","origin":[8,17.4646,5.95564]},"faces":{"north":{"uv":[1.75,4.5,2.25,5],"texture":"#0"},"east":{"uv":[7.5,5.5,8,6],"texture":"#0"},"south":{"uv":[2.75,7.75,3.25,8.25],"texture":"#0"},"west":{"uv":[7.75,6.5,8.25,7],"texture":"#0"},"up":{"uv":[8.25,7.5,7.75,7],"texture":"#0"},"down":{"uv":[8.25,7.5,7.75,8],"texture":"#0"}}},{"name":"head","from":[4.5,12.6,4.85],"to":[11.5,14.6,11.85],"rotation":{"angle":-22.5,"axis":"x","origin":[8,7.75,8.25]},"faces":{"north":{"uv":[6.75,3.5,8.5,4],"texture":"#0"},"east":{"uv":[0,7,1.75,7.5],"texture":"#0"},"south":{"uv":[7,0,8.75,0.5],"texture":"#0"},"west":{"uv":[7,0.5,8.75,1],"texture":"#0"},"up":{"uv":[4,5.25,2.25,3.5],"texture":"#0"},"down":{"uv":[5.75,0,4,1.75],"texture":"#0"}}},{"name":"head","from":[7,4.6,2.85],"to":[9,8.6,4.85],"rotation":{"angle":-22.5,"axis":"x","origin":[8,7.75,8.25]},"faces":{"north":{"uv":[1.25,6,1.75,7],"texture":"#0"},"east":{"uv":[7,4,7.5,5],"texture":"#0"},"south":{"uv":[7,5,7.5,6],"texture":"#0"},"west":{"uv":[1.75,7.25,2.25,8.25],"texture":"#0"},"up":{"uv":[1,8.5,0.5,8],"texture":"#0"},"down":{"uv":[1.5,8,1,8.5],"texture":"#0"}}},{"name":"leg_leg","from":[5,0.01,4.25],"to":[7,2.01,8.25],"rotation":{"angle":22.5,"axis":"y","origin":[8,0.01,6.25]},"faces":{"north":{"uv":[8,2,8.5,2.5],"texture":"#0"},"east":{"uv":[7,6,8,6.5],"texture":"#0"},"south":{"uv":[8,2.5,8.5,3],"texture":"#0"},"west":{"uv":[2.25,7.25,3.25,7.75],"texture":"#0"},"up":{"uv":[3.75,8.25,3.25,7.25],"texture":"#0"},"down":{"uv":[4.25,7.25,3.75,8.25],"texture":"#0"}}},{"name":"right_arm","from":[9.83187,1.74074,8.25],"to":[11.83187,5.74074,10.25],"rotation":{"angle":45,"axis":"z","origin":[10.83187,3.74074,9.25]},"faces":{"north":{"uv":[4.25,7.25,4.75,8.25],"texture":"#0"},"east":{"uv":[4.75,7.25,5.25,8.25],"texture":"#0"},"south":{"uv":[5.25,7.25,5.75,8.25],"texture":"#0"},"west":{"uv":[5.75,7.25,6.25,8.25],"texture":"#0"},"up":{"uv":[8.5,3.5,8,3],"texture":"#0"},"down":{"uv":[8.5,4.5,8,5],"texture":"#0"}}},{"name":"left_arm","from":[4.16813,1.74074,8.25],"to":[6.16813,5.74074,10.25],"rotation":{"angle":-45,"axis":"z","origin":[5.16813,3.74074,9.25]},"faces":{"north":{"uv":[6.25,7.25,6.75,8.25],"texture":"#0"},"east":{"uv":[6.75,7.25,7.25,8.25],"texture":"#0"},"south":{"uv":[7.25,7.25,7.75,8.25],"texture":"#0"},"west":{"uv":[0,7.5,0.5,8.5],"texture":"#0"},"up":{"uv":[8.5,5.5,8,5],"texture":"#0"},"down":{"uv":[8.5,5.5,8,6],"texture":"#0"}}},{"name":"right_leg","from":[9,0.01,4.25],"to":[11,2.01,8.25],"rotation":{"angle":-22.5,"axis":"y","origin":[8,0.01,6.25]},"faces":{"north":{"uv":[8,6,8.5,6.5],"texture":"#0"},"east":{"uv":[0.5,7.5,1.5,8],"texture":"#0"},"south":{"uv":[7.75,8,8.25,8.5],"texture":"#0"},"west":{"uv":[7.5,4,8.5,4.5],"texture":"#0"},"up":{"uv":[8,5.5,7.5,4.5],"texture":"#0"},"down":{"uv":[2.75,7.75,2.25,8.75],"texture":"#0"}}}],"display":{"thirdperson_righthand":{"rotation":[24,13,0],"translation":[0,1.25,-0.5],"scale":[0.6,0.6,0.6]},"thirdperson_lefthand":{"rotation":[24,13,0],"translation":[0,0.75,-0.5],"scale":[0.6,0.6,0.6]},"firstperson_righthand":{"rotation":[0,109,5],"translation":[3.25,5.25,0],"scale":[0.71,0.71,0.71]},"firstperson_lefthand":{"rotation":[0,109,5],"translation":[3.25,5.25,0],"scale":[0.71,0.71,0.71]},"ground":{"translation":[0,3.5,0],"scale":[0.65,0.65,0.65]},"gui":{"rotation":[25,151,0],"translation":[0.25,0.25,0],"scale":[0.73,0.73,0.73]},"head":{"translation":[0,14.4,0]},"fixed":{"rotation":[-90,0,0],"translation":[0,0,-13.5],"scale":[1.7,1.7,1.7]}}}