{"credit":"Made by Nog's Menagerie","texture_size":[64,64],"textures":{"0":"starplushieia:txt/plushie_stray_texture","particle":"starplushieia:txt/plushie_stray_texture"},"elements":[{"name":"torso","from":[5.5,0,7.25],"to":[10.5,8,11.25],"rotation":{"angle":0,"axis":"y","origin":[8,2.0045,8.85355]},"faces":{"north":{"uv":[6,0,7.25,2],"texture":"#0"},"east":{"uv":[3,7,4,9],"texture":"#0"},"south":{"uv":[1.75,7,3,9],"texture":"#0"},"west":{"uv":[4,7,5,9],"texture":"#0"},"up":{"uv":[6.25,8,5,7],"texture":"#0"},"down":{"uv":[7.5,7,6.25,8],"texture":"#0"}}},{"name":"head","from":[4.5,5.35,4.85],"to":[11.5,12.35,11.85],"rotation":{"angle":-22.5,"axis":"x","origin":[8,7.5,8.25]},"faces":{"north":{"uv":[4,3.5,5.75,5.25],"texture":"#0"},"east":{"uv":[2,5.25,3.75,7],"texture":"#0"},"south":{"uv":[3.75,5.25,5.5,7],"texture":"#0"},"west":{"uv":[5.5,5.25,7.25,7],"texture":"#0"},"up":{"uv":[1.75,7.5,0,5.75],"texture":"#0"},"down":{"uv":[7.5,3.5,5.75,5.25],"texture":"#0"}}},{"name":"head","from":[4,5.85,12.35],"to":[12,12.85,12.35],"rotation":{"angle":-22.5,"axis":"x","origin":[8,7.75,8.25]},"faces":{"north":{"uv":[2,1.75,4,3.5],"texture":"#0"},"east":{"uv":[0,0,0,1.75],"texture":"#0"},"south":{"uv":[2,1.75,4,3.5],"texture":"#0"},"west":{"uv":[0,0,0,1.75],"texture":"#0"},"up":{"uv":[2,0,0,0],"texture":"#0"},"down":{"uv":[2,0,0,0],"texture":"#0"}}},{"name":"head","from":[4,12.85,4.35],"to":[12,12.85,12.35],"rotation":{"angle":-22.5,"axis":"x","origin":[8,7.75,8.25]},"faces":{"north":{"uv":[0,0,2,0],"texture":"#0"},"east":{"uv":[0,0,2,0],"texture":"#0"},"south":{"uv":[0,0,2,0],"texture":"#0"},"west":{"uv":[0,0,2,0],"texture":"#0"},"up":{"uv":[2,2,0,0],"texture":"#0"},"down":{"uv":[0,2,2,0],"texture":"#0"}}},{"name":"head","from":[12,5.85,4.35],"to":[12,12.85,12.35],"rotation":{"angle":-22.5,"axis":"x","origin":[8,7.75,8.25]},"faces":{"north":{"uv":[0,0,0,1.75],"texture":"#0"},"east":{"uv":[2,3.5,4,5.25],"texture":"#0"},"south":{"uv":[0,0,0,1.75],"texture":"#0"},"west":{"uv":[4,1.75,6,3.5],"texture":"#0"},"up":{"uv":[0,2,0,0],"texture":"#0"},"down":{"uv":[0,0,0,2],"texture":"#0"}}},{"name":"head","from":[4,9.85,4.35],"to":[12,12.85,4.35],"rotation":{"angle":-22.5,"axis":"x","origin":[8,7.75,8.25]},"faces":{"north":{"uv":[6,2,8,2.75],"texture":"#0"},"east":{"uv":[0,0,0,0.75],"texture":"#0"},"south":{"uv":[8,2,6,2.75],"texture":"#0"},"west":{"uv":[0,0,0,0.75],"texture":"#0"},"up":{"uv":[2,0,0,0],"texture":"#0"},"down":{"uv":[2,0,0,0],"texture":"#0"}}},{"name":"head","from":[4,5.85,4.35],"to":[4,12.85,12.35],"rotation":{"angle":-22.5,"axis":"x","origin":[8,7.75,8.25]},"faces":{"north":{"uv":[0,0,0,1.75],"texture":"#0"},"east":{"uv":[6,1.75,4,3.5],"texture":"#0"},"south":{"uv":[0,0,0,1.75],"texture":"#0"},"west":{"uv":[4,1.75,6,3.5],"texture":"#0"},"up":{"uv":[0,2,0,0],"texture":"#0"},"down":{"uv":[0,0,0,2],"texture":"#0"}}},{"name":"leg_leg","from":[5,1.51,4.25],"to":[7,1.51,8.25],"rotation":{"angle":22.5,"axis":"y","origin":[8,0.01,6.25]},"faces":{"north":{"uv":[0,0,0.5,0],"texture":"#0"},"east":{"uv":[0,0,1,0],"texture":"#0"},"south":{"uv":[0,0,0.5,0],"texture":"#0"},"west":{"uv":[0,0,1,0],"texture":"#0"},"up":{"uv":[7.75,1,7.25,0],"texture":"#0"},"down":{"uv":[7.75,1,7.25,2],"texture":"#0"}}},{"name":"leg_leg","from":[7,0.01,4.25],"to":[7,1.51,8.25],"rotation":{"angle":22.5,"axis":"y","origin":[8,0.01,6.25]},"faces":{"north":{"uv":[0,0,0,0.5],"texture":"#0"},"east":{"uv":[7.25,5.25,8.25,5.75],"texture":"#0"},"south":{"uv":[0,0,0,0.5],"texture":"#0"},"west":{"uv":[7.25,5.75,8.25,6.25],"texture":"#0"},"up":{"uv":[0,1,0,0],"texture":"#0"},"down":{"uv":[0,0,0,1],"texture":"#0"}}},{"name":"leg_leg","from":[5,0.01,4.25],"to":[5,1.51,8.25],"rotation":{"angle":22.5,"axis":"y","origin":[8,0.01,6.25]},"faces":{"north":{"uv":[0,0,0,0.5],"texture":"#0"},"east":{"uv":[7.25,6.25,8.25,6.75],"texture":"#0"},"south":{"uv":[0,0,0,0.5],"texture":"#0"},"west":{"uv":[0,7.5,1,8],"texture":"#0"},"up":{"uv":[0,1,0,0],"texture":"#0"},"down":{"uv":[0,0,0,1],"texture":"#0"}}},{"name":"leg_leg","from":[5.5,0.01,4.25],"to":[6.5,1.01,8.25],"rotation":{"angle":22.5,"axis":"y","origin":[8,0.01,6.25]},"faces":{"north":{"uv":[1.75,6.75,2,7],"texture":"#0"},"east":{"uv":[8.25,6,9.25,6.25],"texture":"#0"},"south":{"uv":[7.25,6.75,7.5,7],"texture":"#0"},"west":{"uv":[8.25,6.25,9.25,6.5],"texture":"#0"},"up":{"uv":[2,6.75,1.75,5.75],"texture":"#0"},"down":{"uv":[1.75,7.5,1.5,8.5],"texture":"#0"}}},{"name":"leg_leg","from":[11,0.01,4.25],"to":[11,1.51,8.25],"rotation":{"angle":-22.5,"axis":"y","origin":[8,0.01,6.25]},"faces":{"north":{"uv":[0,0,0,0.5],"texture":"#0"},"east":{"uv":[7.5,3.5,8.5,4],"texture":"#0"},"south":{"uv":[0,0,0,0.5],"texture":"#0"},"west":{"uv":[7.5,4,8.5,4.5],"texture":"#0"},"up":{"uv":[0,1,0,0],"texture":"#0"},"down":{"uv":[0,0,0,1],"texture":"#0"}}},{"name":"leg_leg","from":[9,1.51,4.25],"to":[11,1.51,8.25],"rotation":{"angle":-22.5,"axis":"y","origin":[8,0.01,6.25]},"faces":{"north":{"uv":[0,0,0.5,0],"texture":"#0"},"east":{"uv":[0,0,1,0],"texture":"#0"},"south":{"uv":[0,0,0.5,0],"texture":"#0"},"west":{"uv":[0,0,1,0],"texture":"#0"},"up":{"uv":[1.5,8.5,1,7.5],"texture":"#0"},"down":{"uv":[8,6.75,7.5,7.75],"texture":"#0"}}},{"name":"leg_leg","from":[9,0.01,4.25],"to":[9,1.51,8.25],"rotation":{"angle":-22.5,"axis":"y","origin":[8,0.01,6.25]},"faces":{"north":{"uv":[0,0,0,0.5],"texture":"#0"},"east":{"uv":[7.5,4.5,8.5,5],"texture":"#0"},"south":{"uv":[0,0,0,0.5],"texture":"#0"},"west":{"uv":[7.75,0,8.75,0.5],"texture":"#0"},"up":{"uv":[0,1,0,0],"texture":"#0"},"down":{"uv":[0,0,0,1],"texture":"#0"}}},{"name":"leg_leg","from":[9.5,0.01,4.25],"to":[10.5,1.01,8.25],"rotation":{"angle":-22.5,"axis":"y","origin":[8,0.01,6.25]},"faces":{"north":{"uv":[7.5,5,7.75,5.25],"texture":"#0"},"east":{"uv":[8.25,6.5,9.25,6.75],"texture":"#0"},"south":{"uv":[7.75,1.5,8,1.75],"texture":"#0"},"west":{"uv":[8.5,1.5,9.5,1.75],"texture":"#0"},"up":{"uv":[1.75,9.5,1.5,8.5],"texture":"#0"},"down":{"uv":[8.75,1.75,8.5,2.75],"texture":"#0"}}},{"name":"right_arm","from":[10.33187,1.74074,8.75],"to":[11.33187,5.74074,9.75],"rotation":{"angle":45,"axis":"z","origin":[10.83187,3.74074,9.25]},"faces":{"north":{"uv":[8.5,2.75,8.75,3.75],"texture":"#0"},"east":{"uv":[8.5,3.75,8.75,4.75],"texture":"#0"},"south":{"uv":[8.5,6.75,8.75,7.75],"texture":"#0"},"west":{"uv":[8.5,7.75,8.75,8.75],"texture":"#0"},"up":{"uv":[8,2,7.75,1.75],"texture":"#0"},"down":{"uv":[8,5,7.75,5.25],"texture":"#0"}}},{"name":"right_arm","from":[11.83187,1.74074,8.25],"to":[11.83187,5.74074,10.25],"rotation":{"angle":45,"axis":"z","origin":[10.83187,3.74074,9.25]},"faces":{"north":{"uv":[0,0,0,1],"texture":"#0"},"east":{"uv":[7.75,0.5,8.25,1.5],"texture":"#0"},"south":{"uv":[0,0,0,1],"texture":"#0"},"west":{"uv":[7.5,7.75,8,8.75],"texture":"#0"},"up":{"uv":[0,0.5,0,0],"texture":"#0"},"down":{"uv":[0,0,0,0.5],"texture":"#0"}}},{"name":"right_arm","from":[9.83187,1.74074,10.25],"to":[11.83187,5.74074,10.25],"rotation":{"angle":45,"axis":"z","origin":[10.83187,3.74074,9.25]},"faces":{"north":{"uv":[0,8,0.5,9],"texture":"#0"},"east":{"uv":[0,0,0,1],"texture":"#0"},"south":{"uv":[0.5,8,1,9],"texture":"#0"},"west":{"uv":[0,0,0,1],"texture":"#0"},"up":{"uv":[0.5,0,0,0],"texture":"#0"},"down":{"uv":[0.5,0,0,0],"texture":"#0"}}},{"name":"right_arm","from":[9.83187,1.74074,8.25],"to":[11.83187,5.74074,8.25],"rotation":{"angle":45,"axis":"z","origin":[10.83187,3.74074,9.25]},"faces":{"north":{"uv":[8,1.5,8.5,2.5],"texture":"#0"},"east":{"uv":[0,0,0,1],"texture":"#0"},"south":{"uv":[8,2.5,8.5,3.5],"texture":"#0"},"west":{"uv":[0,0,0,1],"texture":"#0"},"up":{"uv":[0.5,0,0,0],"texture":"#0"},"down":{"uv":[0.5,0,0,0],"texture":"#0"}}},{"name":"right_arm","from":[9.83187,1.74074,8.25],"to":[9.83187,5.74074,10.25],"rotation":{"angle":45,"axis":"z","origin":[10.83187,3.74074,9.25]},"faces":{"north":{"uv":[0,0,0,1],"texture":"#0"},"east":{"uv":[5,8,5.5,9],"texture":"#0"},"south":{"uv":[0,0,0,1],"texture":"#0"},"west":{"uv":[5.5,8,6,9],"texture":"#0"},"up":{"uv":[0,0.5,0,0],"texture":"#0"},"down":{"uv":[0,0,0,0.5],"texture":"#0"}}},{"name":"left_arm","from":[4.16813,1.74074,8.25],"to":[4.16813,5.74074,10.25],"rotation":{"angle":-45,"axis":"z","origin":[5.16813,3.74074,9.25]},"faces":{"north":{"uv":[0,0,0,1],"texture":"#0"},"east":{"uv":[6,8,6.5,9],"texture":"#0"},"south":{"uv":[0,0,0,1],"texture":"#0"},"west":{"uv":[6.5,8,7,9],"texture":"#0"},"up":{"uv":[0,0.5,0,0],"texture":"#0"},"down":{"uv":[0,0,0,0.5],"texture":"#0"}}},{"name":"left_arm","from":[4.16813,1.74074,8.25],"to":[6.16813,5.74074,8.25],"rotation":{"angle":-45,"axis":"z","origin":[5.16813,3.74074,9.25]},"faces":{"north":{"uv":[8,6.75,8.5,7.75],"texture":"#0"},"east":{"uv":[0,0,0,1],"texture":"#0"},"south":{"uv":[7,8,7.5,9],"texture":"#0"},"west":{"uv":[0,0,0,1],"texture":"#0"},"up":{"uv":[0.5,0,0,0],"texture":"#0"},"down":{"uv":[0.5,0,0,0],"texture":"#0"}}},{"name":"left_arm","from":[4.66813,1.74074,8.75],"to":[5.66813,5.74074,9.75],"rotation":{"angle":-45,"axis":"z","origin":[5.16813,3.74074,9.25]},"faces":{"north":{"uv":[8.75,0,9,1],"texture":"#0"},"east":{"uv":[8.75,1.75,9,2.75],"texture":"#0"},"south":{"uv":[8.75,2.75,9,3.75],"texture":"#0"},"west":{"uv":[8.75,3.75,9,4.75],"texture":"#0"},"up":{"uv":[8.25,5.25,8,5],"texture":"#0"},"down":{"uv":[8.75,4.75,8.5,5],"texture":"#0"}}},{"name":"left_arm","from":[4.16813,1.74074,10.25],"to":[6.16813,5.74074,10.25],"rotation":{"angle":-45,"axis":"z","origin":[5.16813,3.74074,9.25]},"faces":{"north":{"uv":[8,7.75,8.5,8.75],"texture":"#0"},"east":{"uv":[0,0,0,1],"texture":"#0"},"south":{"uv":[8.25,0.5,8.75,1.5],"texture":"#0"},"west":{"uv":[0,0,0,1],"texture":"#0"},"up":{"uv":[0.5,0,0,0],"texture":"#0"},"down":{"uv":[0.5,0,0,0],"texture":"#0"}}},{"name":"left_arm","from":[6.16813,1.74074,8.25],"to":[6.16813,5.74074,10.25],"rotation":{"angle":-45,"axis":"z","origin":[5.16813,3.74074,9.25]},"faces":{"north":{"uv":[0,0,0,1],"texture":"#0"},"east":{"uv":[8.25,5,8.75,6],"texture":"#0"},"south":{"uv":[0,0,0,1],"texture":"#0"},"west":{"uv":[1,8.5,1.5,9.5],"texture":"#0"},"up":{"uv":[0,0.5,0,0],"texture":"#0"},"down":{"uv":[0,0,0,0.5],"texture":"#0"}}}],"display":{"thirdperson_righthand":{"rotation":[24,13,0],"translation":[0,1.25,-0.5],"scale":[0.6,0.6,0.6]},"thirdperson_lefthand":{"rotation":[24,13,0],"translation":[0,0.75,-0.5],"scale":[0.6,0.6,0.6]},"firstperson_righthand":{"rotation":[0,109,5],"translation":[3.25,5.75,0],"scale":[0.83,0.83,0.83]},"firstperson_lefthand":{"rotation":[0,109,5],"translation":[3.25,5.75,0],"scale":[0.83,0.83,0.83]},"ground":{"translation":[0,3.5,0],"scale":[0.65,0.65,0.65]},"gui":{"rotation":[25,151,0],"translation":[0,0.75,0],"scale":[0.79,0.79,0.79]},"head":{"translation":[0,14.4,0]},"fixed":{"rotation":[-90,0,0],"translation":[0,0,-13.5],"scale":[1.7,1.7,1.7]}}}