{"credit":"Made with Blockbench","texture_size":[128,128],"textures":{"2":"crates:frosty/frosty_crate2024_txt","particle":"crates:frosty/frosty_crate2024_txt"},"elements":[{"from":[4.4076,10,-2.59781],"to":[10.4076,14,18.40219],"rotation":{"angle":0,"axis":"y","origin":[0.4076,0,4.40219]},"faces":{"north":{"uv":[0,9.5,0.75,10],"texture":"#2"},"east":{"uv":[5.25,2.25,7.875,2.75],"texture":"#2"},"south":{"uv":[9.5,0,10.25,0.5],"texture":"#2"},"west":{"uv":[5,5.375,7.625,5.875],"texture":"#2"},"up":{"uv":[4,7.25,3.25,4.625],"texture":"#2"},"down":{"uv":[4.875,4.625,4.125,7.25],"texture":"#2"}}},{"from":[9.17189,8.1637,17.40319],"to":[12.16989,14.1617,20.40119],"rotation":{"angle":22.5,"axis":"z","origin":[6.17089,12.1627,7.90219]},"faces":{"north":{"uv":[2.375,9.5,2.75,10.25],"texture":"#2"},"east":{"uv":[3,10.375,3.375,11.125],"texture":"#2"},"south":{"uv":[3.5,10.625,3.875,11.375],"texture":"#2"},"west":{"uv":[4,10.625,4.375,11.375],"texture":"#2"},"up":{"uv":[11.5,8.625,11.125,8.25],"texture":"#2"},"down":{"uv":[8.875,11.125,8.5,11.5],"texture":"#2"}}},{"from":[0.02445,12.7583,-3.59681],"to":[3.02245,18.7563,-0.59881],"rotation":{"angle":-22.5,"axis":"z","origin":[-4.46899,7.77891,8.40219]},"faces":{"north":{"uv":[4.5,10.625,4.875,11.375],"texture":"#2"},"east":{"uv":[10.625,6.75,11,7.5],"texture":"#2"},"south":{"uv":[7,10.625,7.375,11.375],"texture":"#2"},"west":{"uv":[7.5,10.625,7.875,11.375],"texture":"#2"},"up":{"uv":[11.5,9.125,11.125,8.75],"texture":"#2"},"down":{"uv":[9.375,11.125,9,11.5],"texture":"#2"}}},{"from":[3.86795,14.30626,-3.69781],"to":[10.86595,16.30426,20.30019],"rotation":{"angle":0,"axis":"y","origin":[3.86695,12.80526,18.90119]},"faces":{"north":{"uv":[2,10.75,2.875,11],"texture":"#2"},"east":{"uv":[5,6,8,6.25],"texture":"#2"},"south":{"uv":[2,11.125,2.875,11.375],"texture":"#2"},"west":{"uv":[0,6.125,3,6.375],"texture":"#2"},"up":{"uv":[4.125,3,3.25,0],"texture":"#2"},"down":{"uv":[5.125,0,4.25,3],"texture":"#2"}}},{"from":[3.64532,7.1637,-2.59681],"to":[5.64332,12.1617,18.40119],"rotation":{"angle":-22.5,"axis":"z","origin":[8.64432,11.1627,7.90219]},"faces":{"north":{"uv":[6.5,10.75,6.75,11.375],"texture":"#2"},"east":{"uv":[5,4.625,7.625,5.25],"texture":"#2"},"south":{"uv":[6.125,10.875,6.375,11.5],"texture":"#2"},"west":{"uv":[5.25,0,7.875,0.625],"texture":"#2"},"up":{"uv":[5.25,9,5,6.375],"texture":"#2"},"down":{"uv":[5.625,6.375,5.375,9],"texture":"#2"}}},{"from":[9.17189,8.1637,-2.59681],"to":[11.16989,13.1617,18.40119],"rotation":{"angle":22.5,"axis":"z","origin":[6.17089,12.1627,7.90219]},"faces":{"north":{"uv":[11.125,6.75,11.375,7.375],"texture":"#2"},"east":{"uv":[5.25,0.75,7.875,1.375],"texture":"#2"},"south":{"uv":[11.125,7.5,11.375,8.125],"texture":"#2"},"west":{"uv":[5.25,1.5,7.875,2.125],"texture":"#2"},"up":{"uv":[6,9,5.75,6.375],"texture":"#2"},"down":{"uv":[6.375,6.375,6.125,9],"texture":"#2"}}},{"from":[12.9076,5.54867,1.09029],"to":[14.9076,8.54867,4.09029],"rotation":{"angle":45,"axis":"x","origin":[7.4076,1.40882,8.23014]},"faces":{"north":{"uv":[2,9.5,2.25,9.875],"texture":"#2"},"east":{"uv":[11.125,9.25,11.5,9.625],"texture":"#2"},"south":{"uv":[11.25,4.625,11.5,5],"texture":"#2"},"west":{"uv":[9.5,11.125,9.875,11.5],"texture":"#2"},"up":{"uv":[5.25,11.625,5,11.25],"texture":"#2"},"down":{"uv":[5.625,11.25,5.375,11.625],"texture":"#2"}}},{"from":[13.4326,7.66545,15.67614],"to":[13.4326,17.66545,18.67614],"rotation":{"angle":22.5,"axis":"x","origin":[13.3951,12.95834,21.88324]},"faces":{"north":{"uv":[5,11.75,5,13],"texture":"#2"},"east":{"uv":[3.5,8.875,3.875,10.125],"texture":"#2"},"south":{"uv":[5.125,11.75,5.125,13],"texture":"#2"},"west":{"uv":[4,8.875,4.375,10.125],"texture":"#2"},"up":{"uv":[8.375,9.75,8.375,9.375],"texture":"#2"},"down":{"uv":[2.875,9.5,2.875,9.875],"texture":"#2"}}},{"from":[13.6076,7.48907,19.38324],"to":[13.6076,17.48907,22.38324],"rotation":{"angle":45,"axis":"x","origin":[13.3951,12.95834,21.88324]},"faces":{"north":{"uv":[5.25,11.75,5.25,13],"texture":"#2"},"east":{"uv":[4.5,8.875,4.875,10.125],"texture":"#2"},"south":{"uv":[5.375,11.75,5.375,13],"texture":"#2"},"west":{"uv":[9,0,9.375,1.25],"texture":"#2"},"up":{"uv":[6.875,11.125,6.875,10.75],"texture":"#2"},"down":{"uv":[11.75,3.375,11.75,3.75],"texture":"#2"}}},{"from":[12.1826,9.04413,17.29746],"to":[12.1826,12.04413,27.29746],"rotation":{"angle":-22.5,"axis":"x","origin":[13.3951,12.95834,21.88324]},"faces":{"north":{"uv":[11.75,3.875,11.75,4.25],"texture":"#2"},"east":{"uv":[9,6,10.25,6.375],"texture":"#2"},"south":{"uv":[11.75,5.25,11.75,5.625],"texture":"#2"},"west":{"uv":[9,6.5,10.25,6.875],"texture":"#2"},"up":{"uv":[5.5,13,5.5,11.75],"texture":"#2"},"down":{"uv":[5.625,11.75,5.625,13],"texture":"#2"}}},{"from":[12.1951,10.57255,9.14435],"to":[12.1951,20.57255,12.14435],"rotation":{"angle":22.5,"axis":"x","origin":[12.4076,14.15834,8.23014]},"faces":{"north":{"uv":[2,11.875,2,13.125],"texture":"#2"},"east":{"uv":[9,7,9.375,8.25],"texture":"#2"},"south":{"uv":[2.125,11.875,2.125,13.125],"texture":"#2"},"west":{"uv":[9,8.375,9.375,9.625],"texture":"#2"},"up":{"uv":[2.25,12.25,2.25,11.875],"texture":"#2"},"down":{"uv":[2.375,11.875,2.375,12.25],"texture":"#2"}}},{"from":[12.6201,8.68907,6.73014],"to":[12.6201,18.68907,9.73014],"rotation":{"angle":0,"axis":"y","origin":[12.4076,14.15834,8.23014]},"faces":{"north":{"uv":[2.5,11.875,2.5,13.125],"texture":"#2"},"east":{"uv":[8.5,9,8.875,10.25],"texture":"#2"},"south":{"uv":[2.625,11.875,2.625,13.125],"texture":"#2"},"west":{"uv":[5,9.125,5.375,10.375],"texture":"#2"},"up":{"uv":[2.75,12.25,2.75,11.875],"texture":"#2"},"down":{"uv":[2.875,11.875,2.875,12.25],"texture":"#2"}}},{"from":[12.4451,9.86545,4.02303],"to":[12.4451,19.86545,7.02303],"rotation":{"angle":-22.5,"axis":"x","origin":[12.4076,14.15834,8.23014]},"faces":{"north":{"uv":[3.5,11.875,3.5,13.125],"texture":"#2"},"east":{"uv":[5.5,9.125,5.875,10.375],"texture":"#2"},"south":{"uv":[3.625,11.875,3.625,13.125],"texture":"#2"},"west":{"uv":[6,9.125,6.375,10.375],"texture":"#2"},"up":{"uv":[11.875,3.75,11.875,3.375],"texture":"#2"},"down":{"uv":[3.75,11.875,3.75,12.25],"texture":"#2"}}},{"from":[13.1076,5.86545,-4.83465],"to":[13.1076,15.86545,-1.83465],"rotation":{"angle":-22.5,"axis":"x","origin":[13.1451,13.15834,-6.04176]},"faces":{"north":{"uv":[3.875,11.875,3.875,13.125],"texture":"#2"},"east":{"uv":[9.25,1.375,9.625,2.625],"texture":"#2"},"south":{"uv":[4,11.875,4,13.125],"texture":"#2"},"west":{"uv":[9.25,2.75,9.625,4],"texture":"#2"},"up":{"uv":[11.875,4.25,11.875,3.875],"texture":"#2"},"down":{"uv":[4.125,11.875,4.125,12.25],"texture":"#2"}}},{"from":[12.9326,7.68907,-7.54176],"to":[12.9326,17.68907,-4.54176],"rotation":{"angle":-45,"axis":"x","origin":[13.1451,13.15834,-6.04176]},"faces":{"north":{"uv":[4.25,11.875,4.25,13.125],"texture":"#2"},"east":{"uv":[9.25,4.125,9.625,5.375],"texture":"#2"},"south":{"uv":[4.375,11.875,4.375,13.125],"texture":"#2"},"west":{"uv":[6.5,9.375,6.875,10.625],"texture":"#2"},"up":{"uv":[4.5,12.25,4.5,11.875],"texture":"#2"},"down":{"uv":[4.625,11.875,4.625,12.25],"texture":"#2"}}},{"from":[13.3576,7.24413,-10.45597],"to":[13.3576,10.24413,-0.45597],"rotation":{"angle":22.5,"axis":"x","origin":[13.1451,13.15834,-6.04176]},"faces":{"north":{"uv":[4.75,11.875,4.75,12.25],"texture":"#2"},"east":{"uv":[9.25,5.5,10.5,5.875],"texture":"#2"},"south":{"uv":[4.875,11.875,4.875,12.25],"texture":"#2"},"west":{"uv":[7,9.375,8.25,9.75],"texture":"#2"},"up":{"uv":[11.875,6.5,11.875,5.25],"texture":"#2"},"down":{"uv":[6.5,11.875,6.5,13.125],"texture":"#2"}}},{"from":[1.4086,0.001,-3.59681],"to":[13.4066,10.999,20.40119],"rotation":{"angle":0,"axis":"y","origin":[0.4076,0,4.40219]},"faces":{"north":{"uv":[0,4.625,1.5,6],"texture":"#2"},"east":{"uv":[0,3.125,3,4.5],"texture":"#2"},"south":{"uv":[1.625,4.625,3.125,6],"texture":"#2"},"west":{"uv":[3.125,3.125,6.125,4.5],"texture":"#2"},"up":{"uv":[1.5,3,0,0],"texture":"#2"},"down":{"uv":[3.125,0,1.625,3],"texture":"#2"}}},{"from":[10.3685,12.45549,-3.59881],"to":[13.3705,14.45749,7.40319],"rotation":{"angle":22.5,"axis":"z","origin":[7.4076,9.23704,-1.09781]},"faces":{"north":{"uv":[2,11.5,2.375,11.75],"texture":"#2"},"east":{"uv":[9.75,1.125,11.125,1.375],"texture":"#2"},"south":{"uv":[2.5,11.5,2.875,11.75],"texture":"#2"},"west":{"uv":[9.75,1.5,11.125,1.75],"texture":"#2"},"up":{"uv":[6.625,4.25,6.25,2.875],"texture":"#2"},"down":{"uv":[0.375,6.5,0,7.875],"texture":"#2"}}},{"from":[10.3848,8.4132,-3.59781],"to":[13.3848,14.4132,-0.59781],"rotation":{"angle":22.5,"axis":"z","origin":[7.4076,9.23704,0.90219]},"faces":{"north":{"uv":[10.625,7.625,11,8.375],"texture":"#2"},"east":{"uv":[8,10.625,8.375,11.375],"texture":"#2"},"south":{"uv":[10.625,8.5,11,9.25],"texture":"#2"},"west":{"uv":[10.625,9.375,11,10.125],"texture":"#2"},"up":{"uv":[11.5,10.125,11.125,9.75],"texture":"#2"},"down":{"uv":[10.375,11.125,10,11.5],"texture":"#2"}}},{"from":[11.40769,-0.0001,18.05799],"to":[14.40789,11.0001,21.05819],"rotation":{"angle":0,"axis":"y","origin":[7.4076,8.23704,15.55809]},"faces":{"north":{"uv":[0.5,6.5,0.875,7.875],"texture":"#2"},"east":{"uv":[1,6.5,1.375,7.875],"texture":"#2"},"south":{"uv":[1.5,6.5,1.875,7.875],"texture":"#2"},"west":{"uv":[2,6.5,2.375,7.875],"texture":"#2"},"up":{"uv":[10.875,11.5,10.5,11.125],"texture":"#2"},"down":{"uv":[11.375,11.125,11,11.5],"texture":"#2"}}},{"from":[3.40579,9,-4.59781],"to":[11.40579,11,-1.59781],"rotation":{"angle":0,"axis":"y","origin":[7.4076,8.23704,0.90219]},"faces":{"north":{"uv":[10.625,0.375,11.625,0.625],"texture":"#2"},"east":{"uv":[3.5,11.5,3.875,11.75],"texture":"#2"},"south":{"uv":[10.625,0.75,11.625,1],"texture":"#2"},"west":{"uv":[4,11.5,4.375,11.75],"texture":"#2"},"up":{"uv":[10.5,1,9.5,0.625],"texture":"#2"},"down":{"uv":[1.875,9.5,0.875,9.875],"texture":"#2"}}},{"from":[3.40579,0,-4.59781],"to":[11.40579,2,-1.59781],"rotation":{"angle":0,"axis":"y","origin":[7.4076,8.23704,0.90219]},"faces":{"north":{"uv":[10.625,5.25,11.625,5.5],"texture":"#2"},"east":{"uv":[4.5,11.5,4.875,11.75],"texture":"#2"},"south":{"uv":[10.625,5.625,11.625,5.875],"texture":"#2"},"west":{"uv":[6.5,11.5,6.875,11.75],"texture":"#2"},"up":{"uv":[10.5,7.375,9.5,7],"texture":"#2"},"down":{"uv":[10.5,7.5,9.5,7.875],"texture":"#2"}}},{"from":[3.40579,0,18.05219],"to":[11.40579,2,21.05219],"rotation":{"angle":0,"axis":"y","origin":[7.4076,8.23704,0.90219]},"faces":{"north":{"uv":[8.5,10.75,9.5,11],"texture":"#2"},"east":{"uv":[11.5,6.75,11.875,7],"texture":"#2"},"south":{"uv":[9.625,10.75,10.625,11],"texture":"#2"},"west":{"uv":[7,11.5,7.375,11.75],"texture":"#2"},"up":{"uv":[10.5,8.375,9.5,8],"texture":"#2"},"down":{"uv":[10.5,8.5,9.5,8.875],"texture":"#2"}}},{"from":[3.40579,9,18.05219],"to":[11.40579,11,21.05219],"rotation":{"angle":0,"axis":"y","origin":[7.4076,8.23704,0.90219]},"faces":{"north":{"uv":[10.75,10.75,11.75,11],"texture":"#2"},"east":{"uv":[11.5,7.125,11.875,7.375],"texture":"#2"},"south":{"uv":[5,10.875,6,11.125],"texture":"#2"},"west":{"uv":[7.5,11.5,7.875,11.75],"texture":"#2"},"up":{"uv":[10.5,9.375,9.5,9],"texture":"#2"},"down":{"uv":[10.5,9.5,9.5,9.875],"texture":"#2"}}},{"from":[13.39121,11.09386,5.12831],"to":[14.39321,12.09586,9.13031],"rotation":{"angle":45,"axis":"x","origin":[13.99221,10.99486,6.27931]},"faces":{"north":{"uv":[5.875,2.875,6,3],"texture":"#2"},"east":{"uv":[5.25,2.875,5.75,3],"texture":"#2"},"south":{"uv":[3,7.125,3.125,7.25],"texture":"#2"},"west":{"uv":[6.25,4.375,6.75,4.5],"texture":"#2"},"up":{"uv":[3.125,7,3,6.5],"texture":"#2"},"down":{"uv":[8.125,1.5,8,2],"texture":"#2"}}},{"from":[13.59121,9.89386,3.42831],"to":[14.59321,10.89586,7.43031],"rotation":{"angle":45,"axis":"x","origin":[13.99221,10.99486,6.27931]},"faces":{"north":{"uv":[7.5,4.375,7.625,4.5],"texture":"#2"},"east":{"uv":[6.875,4.375,7.375,4.5],"texture":"#2"},"south":{"uv":[8.125,6,8.25,6.125],"texture":"#2"},"west":{"uv":[9.75,5.25,10.25,5.375],"texture":"#2"},"up":{"uv":[8.125,2.625,8,2.125],"texture":"#2"},"down":{"uv":[6.375,11.625,6.25,12.125],"texture":"#2"}}},{"from":[13.39121,11.44908,7.79888],"to":[14.39321,12.45108,11.80088],"rotation":{"angle":-45,"axis":"x","origin":[14.49221,10.60646,10.84421]},"faces":{"north":{"uv":[9.5,1.125,9.625,1.25],"texture":"#2"},"east":{"uv":[0,10.125,0.5,10.25],"texture":"#2"},"south":{"uv":[9,9.75,9.125,9.875],"texture":"#2"},"west":{"uv":[11.625,5,12.125,5.125],"texture":"#2"},"up":{"uv":[11.125,12.125,11,11.625],"texture":"#2"},"down":{"uv":[11.375,11.625,11.25,12.125],"texture":"#2"}}},{"from":[13.39121,9.81709,7.65467],"to":[14.39321,13.81909,8.65667],"rotation":{"angle":0,"axis":"y","origin":[13.89221,10.81809,9.15567]},"faces":{"north":{"uv":[11.75,0.375,11.875,0.875],"texture":"#2"},"east":{"uv":[11.75,1,11.875,1.5],"texture":"#2"},"south":{"uv":[11.75,1.625,11.875,2.125],"texture":"#2"},"west":{"uv":[11.75,2.25,11.875,2.75],"texture":"#2"},"up":{"uv":[9.375,9.875,9.25,9.75],"texture":"#2"},"down":{"uv":[0.75,10.125,0.625,10.25],"texture":"#2"}}},{"from":[13.59121,10.24908,9.49888],"to":[14.59321,11.25108,13.50088],"rotation":{"angle":-45,"axis":"x","origin":[14.49221,10.60646,10.84421]},"faces":{"north":{"uv":[10.375,0.375,10.5,0.5],"texture":"#2"},"east":{"uv":[11.75,2.875,12.25,3],"texture":"#2"},"south":{"uv":[10.375,5.25,10.5,5.375],"texture":"#2"},"west":{"uv":[11.75,3.125,12.25,3.25],"texture":"#2"},"up":{"uv":[3.125,12.25,3,11.75],"texture":"#2"},"down":{"uv":[3.375,11.75,3.25,12.25],"texture":"#2"}}},{"from":[11.40679,-0.001,7.05709],"to":[14.40879,2.001,18.05909],"rotation":{"angle":0,"axis":"y","origin":[12.90779,1,12.55809]},"faces":{"north":{"uv":[11.5,7.5,11.875,7.75],"texture":"#2"},"east":{"uv":[9.75,1.875,11.125,2.125],"texture":"#2"},"south":{"uv":[11.5,7.875,11.875,8.125],"texture":"#2"},"west":{"uv":[9.75,2.25,11.125,2.5],"texture":"#2"},"up":{"uv":[2.875,7.875,2.5,6.5],"texture":"#2"},"down":{"uv":[6.875,6.375,6.5,7.75],"texture":"#2"}}},{"from":[11.40769,8.9999,7.05799],"to":[14.40789,11.0001,18.05819],"rotation":{"angle":0,"axis":"y","origin":[12.90779,9,12.55809]},"faces":{"north":{"uv":[8,11.5,8.375,11.75],"texture":"#2"},"east":{"uv":[9.75,2.625,11.125,2.875],"texture":"#2"},"south":{"uv":[11.5,10.25,11.875,10.5],"texture":"#2"},"west":{"uv":[9.75,3,11.125,3.25],"texture":"#2"},"up":{"uv":[7.125,4.25,6.75,2.875],"texture":"#2"},"down":{"uv":[7.375,6.375,7,7.75],"texture":"#2"}}},{"from":[11.40779,0,-1.59781],"to":[14.40779,2,9.40219],"rotation":{"angle":0,"axis":"y","origin":[12.90779,1,3.90219]},"faces":{"north":{"uv":[11.5,11.125,11.875,11.375],"texture":"#2"},"east":{"uv":[9.75,3.375,11.125,3.625],"texture":"#2"},"south":{"uv":[11.5,11.5,11.875,11.75],"texture":"#2"},"west":{"uv":[9.75,3.75,11.125,4],"texture":"#2"},"up":{"uv":[7.625,4.25,7.25,2.875],"texture":"#2"},"down":{"uv":[3.375,7.375,3,8.75],"texture":"#2"}}},{"from":[11.40779,0,-4.59781],"to":[14.40779,11,-1.59781],"rotation":{"angle":0,"axis":"y","origin":[7.4076,8.23704,0.90219]},"faces":{"north":{"uv":[3.5,7.375,3.875,8.75],"texture":"#2"},"east":{"uv":[4,7.375,4.375,8.75],"texture":"#2"},"south":{"uv":[4.5,7.375,4.875,8.75],"texture":"#2"},"west":{"uv":[7.5,6.375,7.875,7.75],"texture":"#2"},"up":{"uv":[11.625,1.5,11.25,1.125],"texture":"#2"},"down":{"uv":[11.625,1.625,11.25,2],"texture":"#2"}}},{"from":[0.40779,0,-4.59781],"to":[3.40779,11,-1.59781],"rotation":{"angle":0,"axis":"y","origin":[1.90779,5.5,-3.09781]},"faces":{"north":{"uv":[7.75,2.875,8.125,4.25],"texture":"#2"},"east":{"uv":[7.75,4.375,8.125,5.75],"texture":"#2"},"south":{"uv":[6.5,7.875,6.875,9.25],"texture":"#2"},"west":{"uv":[7,7.875,7.375,9.25],"texture":"#2"},"up":{"uv":[11.625,2.5,11.25,2.125],"texture":"#2"},"down":{"uv":[11.625,2.625,11.25,3],"texture":"#2"}}},{"from":[11.40779,9,-1.59781],"to":[14.40779,11,9.40219],"rotation":{"angle":0,"axis":"y","origin":[12.90779,9,3.90219]},"faces":{"north":{"uv":[0,11.625,0.375,11.875],"texture":"#2"},"east":{"uv":[9.75,4.125,11.125,4.375],"texture":"#2"},"south":{"uv":[0.5,11.625,0.875,11.875],"texture":"#2"},"west":{"uv":[9.75,4.5,11.125,4.75],"texture":"#2"},"up":{"uv":[7.875,9.25,7.5,7.875],"texture":"#2"},"down":{"uv":[0.375,8,0,9.375],"texture":"#2"}}},{"from":[0.40769,8.9999,7.05799],"to":[3.40789,11.0001,18.05819],"rotation":{"angle":0,"axis":"y","origin":[12.90779,9,12.55809]},"faces":{"north":{"uv":[1,11.625,1.375,11.875],"texture":"#2"},"east":{"uv":[9.75,4.875,11.125,5.125],"texture":"#2"},"south":{"uv":[1.5,11.625,1.875,11.875],"texture":"#2"},"west":{"uv":[7,9.875,8.375,10.125],"texture":"#2"},"up":{"uv":[8.375,1.375,8,0],"texture":"#2"},"down":{"uv":[0.875,8,0.5,9.375],"texture":"#2"}}},{"from":[0.40679,-0.001,7.05709],"to":[3.40879,2.001,18.05909],"rotation":{"angle":0,"axis":"y","origin":[12.90779,1,12.55809]},"faces":{"north":{"uv":[11.625,4.625,12,4.875],"texture":"#2"},"east":{"uv":[0.875,10,2.25,10.25],"texture":"#2"},"south":{"uv":[5.75,11.625,6.125,11.875],"texture":"#2"},"west":{"uv":[9,10,10.375,10.25],"texture":"#2"},"up":{"uv":[1.375,9.375,1,8],"texture":"#2"},"down":{"uv":[1.875,8,1.5,9.375],"texture":"#2"}}},{"from":[0.40769,-0.0001,18.05799],"to":[3.40789,11.0001,21.05819],"rotation":{"angle":0,"axis":"y","origin":[7.4076,8.23704,15.55809]},"faces":{"north":{"uv":[2,8,2.375,9.375],"texture":"#2"},"east":{"uv":[2.5,8,2.875,9.375],"texture":"#2"},"south":{"uv":[8,6.375,8.375,7.75],"texture":"#2"},"west":{"uv":[8,7.875,8.375,9.25],"texture":"#2"},"up":{"uv":[3.375,11.625,3,11.25],"texture":"#2"},"down":{"uv":[11.625,3.125,11.25,3.5],"texture":"#2"}}},{"from":[0.40779,9,-1.59781],"to":[3.40779,11,9.40219],"rotation":{"angle":0,"axis":"y","origin":[12.90779,9,3.90219]},"faces":{"north":{"uv":[11.625,8.25,12,8.5],"texture":"#2"},"east":{"uv":[3.5,10.25,4.875,10.5],"texture":"#2"},"south":{"uv":[8.5,11.625,8.875,11.875],"texture":"#2"},"west":{"uv":[7,10.25,8.375,10.5],"texture":"#2"},"up":{"uv":[8.625,2.875,8.25,1.5],"texture":"#2"},"down":{"uv":[8.625,3,8.25,4.375],"texture":"#2"}}},{"from":[0.40779,0,-1.59781],"to":[3.40779,2,9.40219],"rotation":{"angle":0,"axis":"y","origin":[12.90779,1,3.90219]},"faces":{"north":{"uv":[11.625,8.625,12,8.875],"texture":"#2"},"east":{"uv":[0,10.375,1.375,10.625],"texture":"#2"},"south":{"uv":[9,11.625,9.375,11.875],"texture":"#2"},"west":{"uv":[10.375,0,11.75,0.25],"texture":"#2"},"up":{"uv":[8.625,5.875,8.25,4.5],"texture":"#2"},"down":{"uv":[8.875,0,8.5,1.375],"texture":"#2"}}},{"from":[8.5816,14.999,7.40119],"to":[11.5836,17.001,18.40319],"rotation":{"angle":22.5,"axis":"z","origin":[12.9076,15,12.90219]},"faces":{"north":{"uv":[11.625,9,12,9.25],"texture":"#2"},"east":{"uv":[1.5,10.375,2.875,10.625],"texture":"#2"},"south":{"uv":[11.625,9.375,12,9.625],"texture":"#2"},"west":{"uv":[10.375,6,11.75,6.25],"texture":"#2"},"up":{"uv":[8.875,7.375,8.5,6],"texture":"#2"},"down":{"uv":[8.875,7.5,8.5,8.875],"texture":"#2"}}},{"from":[0.03775,16.79959,-1.59881],"to":[3.03975,18.80159,9.40319],"rotation":{"angle":-22.5,"axis":"z","origin":[-4.46899,7.77891,8.40219]},"faces":{"north":{"uv":[9.5,11.625,9.875,11.875],"texture":"#2"},"east":{"uv":[10.375,6.375,11.75,6.625],"texture":"#2"},"south":{"uv":[11.625,9.75,12,10],"texture":"#2"},"west":{"uv":[8.5,10.375,9.875,10.625],"texture":"#2"},"up":{"uv":[9.125,2.875,8.75,1.5],"texture":"#2"},"down":{"uv":[9.125,3,8.75,4.375],"texture":"#2"}}},{"from":[0.03758,16.79953,9.40119],"to":[3.03958,18.80153,20.40319],"rotation":{"angle":-22.5,"axis":"z","origin":[-4.46899,7.77891,8.40219]},"faces":{"north":{"uv":[10,11.625,10.375,11.875],"texture":"#2"},"east":{"uv":[10,10.375,11.375,10.625],"texture":"#2"},"south":{"uv":[10.5,11.625,10.875,11.875],"texture":"#2"},"west":{"uv":[5,10.5,6.375,10.75],"texture":"#2"},"up":{"uv":[9.125,5.875,8.75,4.5],"texture":"#2"},"down":{"uv":[3.375,8.875,3,10.25],"texture":"#2"}}},{"from":[0.02328,12.75723,17.40219],"to":[3.02328,18.75723,20.40219],"rotation":{"angle":-22.5,"axis":"z","origin":[-4.46899,7.77891,8.40219]},"faces":{"north":{"uv":[0,10.75,0.375,11.5],"texture":"#2"},"east":{"uv":[0.5,10.75,0.875,11.5],"texture":"#2"},"south":{"uv":[1,10.75,1.375,11.5],"texture":"#2"},"west":{"uv":[1.5,10.75,1.875,11.5],"texture":"#2"},"up":{"uv":[11.625,4,11.25,3.625],"texture":"#2"},"down":{"uv":[11.625,4.125,11.25,4.5],"texture":"#2"}}},{"from":[9.4,10.61746,7.35599],"to":[10.4,14.61746,8.35599],"rotation":{"angle":0,"axis":"y","origin":[9.4,14.11746,7.35599]},"color":6,"faces":{"north":{"uv":[1.5,7.25,1.625,7.75],"texture":"#missing"},"east":{"uv":[1.5,7.875,1.625,8.375],"texture":"#missing"},"south":{"uv":[1.5,8.5,1.625,9],"texture":"#missing"},"west":{"uv":[7.5,11.375,7.625,11.875],"texture":"#missing"},"up":{"uv":[9.75,3.875,9.625,3.75],"texture":"#missing"},"down":{"uv":[8.625,9.625,8.5,9.75],"texture":"#missing"}}}],"gui_light":"front","display":{"thirdperson_righthand":{"rotation":[68,84,0],"translation":[1.75,-0.75,0.25],"scale":[0.3,0.3,0.3]},"thirdperson_lefthand":{"rotation":[68,-84,0],"translation":[1.75,-0.25,0.25],"scale":[0.3,0.3,0.3]},"firstperson_righthand":{"rotation":[0,85,0],"translation":[-1.5,-1.5,-2.5],"scale":[0.5,0.5,0.5]},"firstperson_lefthand":{"rotation":[0,-85,0],"translation":[-1.5,-1.5,-2.5],"scale":[0.5,0.5,0.5]},"ground":{"rotation":[-45,0,0],"translation":[0,3.25,0],"scale":[0.5,0.5,0.5]},"gui":{"rotation":[15.5,-65,0],"translation":[0.25,0,-1.25],"scale":[0.58,0.58,0.58]},"head":{"rotation":[0,-90,0],"translation":[0,-27.1,0],"scale":[2,2,2]},"fixed":{"rotation":[-90,90,90],"translation":[0.5,-0.25,-1.25],"scale":[0.8,0.8,0.8]}}}