{"credit":"Made with Blockbench","texture_size":[64,64],"textures":{"0":"starplushieia:txt/wumpusplushtxt","particle":"starplushieia:txt/wumpusplushtxt"},"elements":[{"from":[3.5,0,4],"to":[5.5,2,8],"rotation":{"angle":22.5,"axis":"y","origin":[3,2,3]},"faces":{"north":{"uv":[8,6,7.5,6.5],"rotation":180,"texture":"#0"},"east":{"uv":[7,1.25,7.5,2.5],"rotation":270,"texture":"#0"},"south":{"uv":[8,6,7.5,5.5],"texture":"#0"},"west":{"uv":[7,3.75,7.5,5],"rotation":90,"texture":"#0"},"up":{"uv":[7,0,7.5,1.25],"rotation":180,"texture":"#0"},"down":{"uv":[7,2.5,7.5,3.75],"texture":"#0"}}},{"from":[10.5,0,4],"to":[12.5,2,8],"rotation":{"angle":-22.5,"axis":"y","origin":[13,2,3]},"faces":{"north":{"uv":[7.5,6,8,6.5],"rotation":180,"texture":"#0"},"east":{"uv":[7,5,7.5,3.75],"rotation":90,"texture":"#0"},"south":{"uv":[7.5,6,8,5.5],"texture":"#0"},"west":{"uv":[7,2.5,7.5,1.25],"rotation":270,"texture":"#0"},"up":{"uv":[7.5,0,7,1.25],"rotation":180,"texture":"#0"},"down":{"uv":[7.5,2.5,7,3.75],"texture":"#0"}}},{"from":[4,1,7],"to":[6,5,9],"rotation":{"angle":-45,"axis":"z","origin":[6,4,6]},"faces":{"north":{"uv":[7,5,8.25,5.5],"rotation":90,"texture":"#0"},"east":{"uv":[8.75,0,7.5,0.5],"rotation":270,"texture":"#0"},"south":{"uv":[6.25,7,7.5,7.5],"rotation":270,"texture":"#0"},"west":{"uv":[3.25,7.75,2,7.25],"rotation":270,"texture":"#0"},"up":{"uv":[6.25,7.5,6.75,8],"rotation":270,"texture":"#0"},"down":{"uv":[7.5,6.5,8,7],"rotation":270,"texture":"#0"}}},{"from":[10,1,7],"to":[12,5,9],"rotation":{"angle":45,"axis":"z","origin":[10,4,6]},"faces":{"north":{"uv":[7,5.5,8.25,5],"rotation":90,"texture":"#0"},"east":{"uv":[3.25,7.25,2,7.75],"rotation":270,"texture":"#0"},"south":{"uv":[6.25,7.5,7.5,7],"rotation":270,"texture":"#0"},"west":{"uv":[8.75,0.5,7.5,0],"rotation":270,"texture":"#0"},"up":{"uv":[6.25,8,6.75,7.5],"rotation":270,"texture":"#0"},"down":{"uv":[7.5,7,8,6.5],"rotation":270,"texture":"#0"}}},{"from":[5,0,6],"to":[11,5,10],"rotation":{"angle":0,"axis":"y","origin":[4,2,7]},"faces":{"north":{"uv":[3,3.5,5.25,5.25],"texture":"#0"},"east":{"uv":[6,0,7,1.75],"texture":"#0"},"south":{"uv":[0,4,2.25,5.75],"texture":"#0"},"west":{"uv":[6,1.75,7,3.5],"texture":"#0"},"up":{"uv":[6.25,6.5,4,5.5],"texture":"#0"},"down":{"uv":[2.25,5.75,0,6.75],"texture":"#0"}}},{"from":[3,5,5.5],"to":[13,13,10.5],"rotation":{"angle":0,"axis":"y","origin":[10,5,8.5]},"faces":{"north":{"uv":[0,0,3,2],"texture":"#0"},"east":{"uv":[2.25,5.25,4,7.25],"texture":"#0"},"south":{"uv":[0,2,3,4],"texture":"#0"},"west":{"uv":[5.25,3.5,7,5.5],"texture":"#0"},"up":{"uv":[6,1.75,3,0],"texture":"#0"},"down":{"uv":[6,1.75,3,3.5],"texture":"#0"}}},{"from":[6,7.5,4.8],"to":[10,10.5,5.5],"rotation":{"angle":0,"axis":"y","origin":[7,7,2]},"faces":{"north":{"uv":[6.25,5.5,7.5,6.25],"texture":"#0"},"east":{"uv":[7.25,7.5,7.5,8.25],"texture":"#0"},"south":{"uv":[6.25,6.25,7.5,7],"texture":"#0"},"west":{"uv":[7.5,7.5,7.75,8.25],"texture":"#0"},"up":{"uv":[5.25,5.5,4,5.25],"texture":"#0"},"down":{"uv":[8.75,2.5,7.5,2.75],"texture":"#0"}}},{"from":[1,6,7.5],"to":[3,11,8.5],"rotation":{"angle":0,"axis":"y","origin":[1,9,7]},"faces":{"north":{"uv":[2.25,4,3,5.25],"texture":"#0"},"east":{"uv":[3.25,7.25,3.5,8.5],"texture":"#0"},"south":{"uv":[4,6.5,4.75,7.75],"texture":"#0"},"west":{"uv":[3.5,7.25,3.75,8.5],"texture":"#0"},"up":{"uv":[2.75,8,2,7.75],"texture":"#0"},"down":{"uv":[8.5,2.75,7.75,3],"texture":"#0"}}},{"from":[13,6,7.5],"to":[15,11,8.5],"rotation":{"angle":0,"axis":"y","origin":[15,9,7]},"faces":{"north":{"uv":[4.75,6.5,5.5,7.75],"texture":"#0"},"east":{"uv":[3.75,7.25,4,8.5],"texture":"#0"},"south":{"uv":[5.5,6.5,6.25,7.75],"texture":"#0"},"west":{"uv":[7.5,2.75,7.75,4],"texture":"#0"},"up":{"uv":[8.5,3.25,7.75,3],"texture":"#0"},"down":{"uv":[8.5,3.25,7.75,3.5],"texture":"#0"}}}],"display":{"thirdperson_righthand":{"rotation":[3.73,29.99,-13.85],"scale":[0.48242,0.39648,0.55859]},"thirdperson_lefthand":{"rotation":[68,0.05,0],"translation":[1,0.5,14],"scale":[0.34961,0.31445,0.45508]},"firstperson_righthand":{"rotation":[0,109,5],"translation":[2,3.5,0.25],"scale":[0.71,0.71,0.71]},"firstperson_lefthand":{"rotation":[0,109,5],"translation":[2,3.5,0.25],"scale":[0.71,0.71,0.71]},"ground":{"translation":[0,2.5,0],"scale":[0.65,0.65,0.79453]},"gui":{"rotation":[25,151,0],"translation":[0,1.25,0],"scale":[0.73,0.73,0.8843]},"head":{"translation":[0,14.75,0]},"fixed":{"rotation":[-90,0,0],"translation":[0.75,1.5,-13],"scale":[1.71234,1.71234,1.95516]}}}