{
	"credit": "Made with Blockbench",
	"parent": "item/generated",
	"textures": {
		"0": "pinsicons:raindeer"
	},
	"display": {
		"thirdperson_righthand": {
			"rotation": [73.16, -66.86, 75.86],
			"translation": [-0.5, 3.5, 1.75],
			"scale": [0.55, 0.55, 0.55]
		},
		"thirdperson_lefthand": {
			"rotation": [73.16, -66.86, 75.86],
			"translation": [-0.5, 3.5, 1.75],
			"scale": [0.55, 0.55, 0.55]
		},
		"firstperson_righthand": {
			"rotation": [0, -90, 25],
			"translation": [1.13, 4.95, 1.13],
			"scale": [0.68, 0.68, 0.68]
		},
		"firstperson_lefthand": {
			"rotation": [0, -90, 25],
			"translation": [1.13, 4.95, 1.13],
			"scale": [0.68, 0.68, 0.68]
		},
		"ground": {
			"translation": [0, 36.25, 34.25]
		},
		"fixed": {
			"translation": [0, 0, -0.75]
		}
	}
}