{"credit":"Made by Nog's Menagerie","texture_size":[32,32],"textures":{"0":"starplushieia:txt/nm_plushie_robin_texture","particle":"starplushieia:txt/nm_plushie_robin_texture"},"elements":[{"name":"torso","from":[6,0,6.5],"to":[10,4,10.5],"rotation":{"angle":0,"axis":"y","origin":[8,2.0545,8.10355]},"faces":{"north":{"uv":[0,4,2,6],"texture":"#0"},"east":{"uv":[2,4,4,6],"texture":"#0"},"south":{"uv":[4,4,6,6],"texture":"#0"},"west":{"uv":[5,0,7,2],"texture":"#0"},"up":{"uv":[7,4,5,2],"texture":"#0"},"down":{"uv":[2,6,0,8],"texture":"#0"}}},{"name":"head","from":[6.025,3.725,4.025],"to":[9.975,7.725,8.025],"rotation":{"angle":-22.5,"axis":"x","origin":[8,8,7.5]},"faces":{"north":{"uv":[2,6,4,8],"texture":"#0"},"east":{"uv":[4,6,6,8],"texture":"#0"},"south":{"uv":[6,4,8,6],"texture":"#0"},"west":{"uv":[6,6,8,8],"texture":"#0"},"up":{"uv":[9,2,7,0],"texture":"#0"},"down":{"uv":[9,2,7,4],"texture":"#0"}}},{"name":"beak","from":[7,4.725,2.025],"to":[9,5.725,4.025],"rotation":{"angle":-22.5,"axis":"x","origin":[8,8,7.5]},"faces":{"north":{"uv":[7,8,8,8.5],"texture":"#0"},"east":{"uv":[8,7,9,7.5],"texture":"#0"},"south":{"uv":[8,7.5,9,8],"texture":"#0"},"west":{"uv":[8,8,9,8.5],"texture":"#0"},"up":{"uv":[7,9,6,8],"texture":"#0"},"down":{"uv":[9,6,8,7],"texture":"#0"}}},{"name":"right_leg","from":[9.25,0.06,4.25],"to":[10.25,0.06,6.25],"rotation":{"angle":-22.5,"axis":"y","origin":[8,0.06,5.5]},"faces":{"north":{"uv":[0,0,0.5,0],"texture":"#0"},"east":{"uv":[0,0,1,0],"texture":"#0"},"south":{"uv":[0,0,0.5,0],"texture":"#0"},"west":{"uv":[0,0,1,0],"texture":"#0"},"up":{"uv":[7.5,9.5,7,8.5],"texture":"#0"},"down":{"uv":[8,8.5,7.5,9.5],"texture":"#0"}}},{"name":"right_foot","from":[8.25,0.06,4.25],"to":[11.25,2.06,4.25],"rotation":{"angle":-22.5,"axis":"y","origin":[8,0.06,5.5]},"faces":{"north":{"uv":[3,8,4.5,9],"texture":"#0"},"east":{"uv":[0,0,0,1],"texture":"#0"},"south":{"uv":[8,4,9.5,5],"texture":"#0"},"west":{"uv":[0,0,0,1],"texture":"#0"},"up":{"uv":[1.5,0,0,0],"texture":"#0"},"down":{"uv":[1.5,0,0,0],"texture":"#0"}}},{"name":"left_foot","from":[4.75,0.06,4.25],"to":[7.75,2.06,4.25],"rotation":{"angle":22.5,"axis":"y","origin":[8,0.06,5.5]},"faces":{"north":{"uv":[4.5,8,6,9],"texture":"#0"},"east":{"uv":[0,0,0,1],"texture":"#0"},"south":{"uv":[8,5,9.5,6],"texture":"#0"},"west":{"uv":[0,0,0,1],"texture":"#0"},"up":{"uv":[1.5,0,0,0],"texture":"#0"},"down":{"uv":[1.5,0,0,0],"texture":"#0"}}},{"name":"leg_leg","from":[5.75,0.06,4.25],"to":[6.75,0.06,6.25],"rotation":{"angle":22.5,"axis":"y","origin":[8,0.06,5.5]},"faces":{"north":{"uv":[0,0,0.5,0],"texture":"#0"},"east":{"uv":[0,0,1,0],"texture":"#0"},"south":{"uv":[0,0,0.5,0],"texture":"#0"},"west":{"uv":[0,0,1,0],"texture":"#0"},"up":{"uv":[8.5,9.5,8,8.5],"texture":"#0"},"down":{"uv":[9,8.5,8.5,9.5],"texture":"#0"}}},{"name":"right_wing","from":[10.74541,0.24753,6.5],"to":[10.74541,4.24753,11.5],"rotation":{"angle":22.5,"axis":"z","origin":[10.99541,2.24753,7]},"faces":{"north":{"uv":[0,0,0,2],"texture":"#0"},"east":{"uv":[0,0,2.5,2],"texture":"#0"},"south":{"uv":[0,0,0,2],"texture":"#0"},"west":{"uv":[0,2,2.5,4],"texture":"#0"},"up":{"uv":[0,2.5,0,0],"texture":"#0"},"down":{"uv":[0,0,0,2.5],"texture":"#0"}}},{"name":"left_wing","from":[5.25459,0.24753,6.5],"to":[5.25459,4.24753,11.5],"rotation":{"angle":-22.5,"axis":"z","origin":[5.00459,2.24753,7]},"faces":{"north":{"uv":[0,0,0,2],"texture":"#0"},"east":{"uv":[2.5,0,5,2],"texture":"#0"},"south":{"uv":[0,0,0,2],"texture":"#0"},"west":{"uv":[2.5,2,5,4],"texture":"#0"},"up":{"uv":[0,2.5,0,0],"texture":"#0"},"down":{"uv":[0,0,0,2.5],"texture":"#0"}}},{"name":"tail","from":[6.5,0.43176,10.42426],"to":[9.5,0.43176,14.42426],"rotation":{"angle":-22.5,"axis":"x","origin":[9,0.43176,11.42426]},"faces":{"north":{"uv":[0,0,1.5,0],"texture":"#0"},"east":{"uv":[0,0,2,0],"texture":"#0"},"south":{"uv":[0,0,1.5,0],"texture":"#0"},"west":{"uv":[0,0,2,0],"texture":"#0"},"up":{"uv":[1.5,10,0,8],"texture":"#0"},"down":{"uv":[3,8,1.5,10],"texture":"#0"}}}],"display":{"thirdperson_righthand":{"rotation":[71,43,0],"translation":[0,0.75,3.25],"scale":[0.86,0.86,0.86]},"thirdperson_lefthand":{"rotation":[71,43,0],"translation":[0,0.75,3.25],"scale":[0.86,0.86,0.86]},"firstperson_righthand":{"rotation":[0,109,5],"translation":[2.5,8.25,0],"scale":[0.92,0.92,0.92]},"firstperson_lefthand":{"rotation":[0,109,5],"translation":[2.5,8.25,0],"scale":[0.92,0.92,0.92]},"ground":{"translation":[0,3.5,0],"scale":[0.65,0.65,0.65]},"gui":{"rotation":[25,151,0],"translation":[0.25,3.75,0],"scale":[0.93,0.93,0.93]},"head":{"translation":[0,14.4,-0.5]},"fixed":{"rotation":[-90,0,0],"translation":[0,-0.5,-13.5],"scale":[1.7,1.7,1.7]}}}