{"credit":"Made by Nog's Menagerie","texture_size":[64,64],"textures":{"0":"starplushieia:txt/nm_plushie_santa_texture","particle":"starplushieia:txt/nm_plushie_santa_texture"},"elements":[{"name":"torso","from":[5.5,0,7.25],"to":[10.5,8,11.25],"rotation":{"angle":0,"axis":"y","origin":[8,2.0045,8.85355]},"faces":{"north":{"uv":[0,4.5,1.25,6.5],"texture":"#0"},"east":{"uv":[5.75,0,6.75,2],"texture":"#0"},"south":{"uv":[4,4.5,5.25,6.5],"texture":"#0"},"west":{"uv":[5.75,2,6.75,4],"texture":"#0"},"up":{"uv":[7.75,7.75,6.5,6.75],"texture":"#0"},"down":{"uv":[8.25,5.75,7,6.75],"texture":"#0"}}},{"name":"head","from":[4.5,5.925,4.85],"to":[11.5,11.925,11.85],"rotation":{"angle":-22.5,"axis":"x","origin":[8,8.075,8.25]},"faces":{"north":{"uv":[2.25,3.5,4,5],"texture":"#0"},"east":{"uv":[4,0,5.75,1.5],"texture":"#0"},"south":{"uv":[4,1.5,5.75,3],"texture":"#0"},"west":{"uv":[4,3,5.75,4.5],"texture":"#0"},"up":{"uv":[4,1.75,2.25,0],"texture":"#0"},"down":{"uv":[4,1.75,2.25,3.5],"texture":"#0"}}},{"name":"head","from":[4,4.925,3.85],"to":[12,7.925,8.85],"rotation":{"angle":-22.5,"axis":"x","origin":[8,8.075,8.25]},"faces":{"north":{"uv":[6.75,2.25,8.75,3],"texture":"#0"},"east":{"uv":[0,7.75,1.25,8.5],"texture":"#0"},"south":{"uv":[6.75,3,8.75,3.75],"texture":"#0"},"west":{"uv":[8,1,9.25,1.75],"texture":"#0"},"up":{"uv":[3.25,6.25,1.25,5],"texture":"#0"},"down":{"uv":[7.25,4.5,5.25,5.75],"texture":"#0"}}},{"name":"head","from":[4,3.925,3.85],"to":[12,4.925,3.85],"rotation":{"angle":-22.5,"axis":"x","origin":[8,8.075,8.25]},"faces":{"north":{"uv":[8.5,0.75,10.5,1],"texture":"#0"},"east":{"uv":[0,0,0,0.25],"texture":"#0"},"south":{"uv":[8.5,3.75,10.5,4],"texture":"#0"},"west":{"uv":[0,0,0,0.25],"texture":"#0"},"up":{"uv":[2,0,0,0],"texture":"#0"},"down":{"uv":[2,0,0,0],"texture":"#0"}}},{"name":"head","from":[4,3.925,3.85],"to":[4,4.925,5.85],"rotation":{"angle":-22.5,"axis":"x","origin":[8,8.075,8.25]},"faces":{"north":{"uv":[0,0,0,0.25],"texture":"#0"},"east":{"uv":[4.75,6.5,5.25,6.75],"texture":"#0"},"south":{"uv":[0,0,0,0.25],"texture":"#0"},"west":{"uv":[2.25,7.25,2.75,7.5],"texture":"#0"},"up":{"uv":[0,0.5,0,0],"texture":"#0"},"down":{"uv":[0,0,0,0.5],"texture":"#0"}}},{"name":"head","from":[12,3.925,3.85],"to":[12,4.925,5.85],"rotation":{"angle":-22.5,"axis":"x","origin":[8,8.075,8.25]},"faces":{"north":{"uv":[0,0,0,0.25],"texture":"#0"},"east":{"uv":[9.75,1.75,10.25,2],"texture":"#0"},"south":{"uv":[0,0,0,0.25],"texture":"#0"},"west":{"uv":[9.75,2,10.25,2.25],"texture":"#0"},"up":{"uv":[0,0.5,0,0],"texture":"#0"},"down":{"uv":[0,0,0,0.5],"texture":"#0"}}},{"name":"head","from":[3.5,10.925,3.85],"to":[12.5,12.925,12.85],"rotation":{"angle":-22.5,"axis":"x","origin":[8,8.075,8.25]},"faces":{"north":{"uv":[4.75,7.75,7,8.25],"texture":"#0"},"east":{"uv":[7.75,6.75,10,7.25],"texture":"#0"},"south":{"uv":[7,7.75,9.25,8.25],"texture":"#0"},"west":{"uv":[7.75,7.25,10,7.75],"texture":"#0"},"up":{"uv":[2.25,2.25,0,0],"texture":"#0"},"down":{"uv":[2.25,2.25,0,4.5],"texture":"#0"}}},{"name":"head","from":[4.5,10.51796,3.10369],"to":[11.5,14.51796,6.10369],"rotation":{"angle":0,"axis":"y","origin":[8,13.51796,6.10369]},"faces":{"north":{"uv":[5.25,5.75,7,6.75],"texture":"#0"},"east":{"uv":[3.25,5,4,6],"texture":"#0"},"south":{"uv":[1.25,6.25,3,7.25],"texture":"#0"},"west":{"uv":[4.75,8.25,5.5,9.25],"texture":"#0"},"up":{"uv":[8.5,4.5,6.75,3.75],"texture":"#0"},"down":{"uv":[6.5,6.75,4.75,7.5],"texture":"#0"}}},{"name":"head","from":[4.5,12.51796,6.10369],"to":[11.5,14.51796,10.10369],"rotation":{"angle":0,"axis":"y","origin":[8,13.51796,6.10369]},"faces":{"north":{"uv":[8,1.75,9.75,2.25],"texture":"#0"},"east":{"uv":[1.25,4.5,2.25,5],"texture":"#0"},"south":{"uv":[8.25,4.5,10,5],"texture":"#0"},"west":{"uv":[5.75,4,6.75,4.5],"texture":"#0"},"up":{"uv":[4.75,7.5,3,6.5],"texture":"#0"},"down":{"uv":[8.5,0,6.75,1],"texture":"#0"}}},{"name":"head","from":[4.5,11.51796,6.10369],"to":[11.5,12.51796,7.10369],"rotation":{"angle":0,"axis":"y","origin":[8,13.51796,6.10369]},"faces":{"north":{"uv":[4.75,7.5,6.5,7.75],"texture":"#0"},"east":{"uv":[3.75,6,4,6.25],"texture":"#0"},"south":{"uv":[9.25,0.5,11,0.75],"texture":"#0"},"west":{"uv":[3,6.25,3.25,6.5],"texture":"#0"},"up":{"uv":[11,1.75,9.25,1.5],"texture":"#0"},"down":{"uv":[11,5,9.25,5.25],"texture":"#0"}}},{"name":"head","from":[5.5,11.51796,5.92869],"to":[10.5,16.51796,9.92869],"rotation":{"angle":45,"axis":"x","origin":[8,15.51796,7.92869]},"faces":{"north":{"uv":[0,6.5,1.25,7.75],"texture":"#0"},"east":{"uv":[1.25,7.25,2.25,8.5],"texture":"#0"},"south":{"uv":[6.75,1,8,2.25],"texture":"#0"},"west":{"uv":[7.25,4.5,8.25,5.75],"texture":"#0"},"up":{"uv":[3.5,8.5,2.25,7.5],"texture":"#0"},"down":{"uv":[4.75,7.5,3.5,8.5],"texture":"#0"}}},{"name":"head","from":[6.5,14.81428,7.22158],"to":[9.5,17.63928,11.22158],"rotation":{"angle":0,"axis":"y","origin":[8,15.63928,9.72158]},"faces":{"north":{"uv":[7.25,8.25,8,9],"texture":"#0"},"east":{"uv":[8.25,5,9.25,5.75],"texture":"#0"},"south":{"uv":[8,8.25,8.75,9],"texture":"#0"},"west":{"uv":[5.5,8.25,6.5,9],"texture":"#0"},"up":{"uv":[9,6.75,8.25,5.75],"texture":"#0"},"down":{"uv":[7.25,8.25,6.5,9.25],"texture":"#0"}}},{"name":"head","from":[7,13.81086,9.6358],"to":[9,15.81086,13.6358],"rotation":{"angle":45,"axis":"x","origin":[8,14.81086,12.6358]},"faces":{"north":{"uv":[3.25,6,3.75,6.5],"texture":"#0"},"east":{"uv":[3.75,8.5,4.75,9],"texture":"#0"},"south":{"uv":[2.5,9.25,3,9.75],"texture":"#0"},"west":{"uv":[8.5,4,9.5,4.5],"texture":"#0"},"up":{"uv":[9.25,3.25,8.75,2.25],"texture":"#0"},"down":{"uv":[9.25,8.25,8.75,9.25],"texture":"#0"}}},{"name":"head","from":[6.5,12.0002,12.19646],"to":[9.5,15.0002,15.19646],"rotation":{"angle":0,"axis":"y","origin":[8,13.7502,13.69646]},"faces":{"north":{"uv":[0,8.5,0.75,9.25],"texture":"#0"},"east":{"uv":[8.5,0,9.25,0.75],"texture":"#0"},"south":{"uv":[0.75,8.5,1.5,9.25],"texture":"#0"},"west":{"uv":[1.5,8.5,2.25,9.25],"texture":"#0"},"up":{"uv":[3,9.25,2.25,8.5],"texture":"#0"},"down":{"uv":[3.75,8.5,3,9.25],"texture":"#0"}}},{"name":"head","from":[7,6.925,2.85],"to":[9,8.925,4.85],"rotation":{"angle":-22.5,"axis":"x","origin":[8,8.075,8.25]},"faces":{"north":{"uv":[3,9.25,3.5,9.75],"texture":"#0"},"east":{"uv":[4.75,9.25,5.25,9.75],"texture":"#0"},"south":{"uv":[9.25,5.25,9.75,5.75],"texture":"#0"},"west":{"uv":[6.5,9.25,7,9.75],"texture":"#0"},"up":{"uv":[9.75,8.25,9.25,7.75],"texture":"#0"},"down":{"uv":[9.75,8.25,9.25,8.75],"texture":"#0"}}},{"name":"right_arm","from":[9.83187,1.74074,8.25],"to":[11.83187,5.74074,10.25],"rotation":{"angle":45,"axis":"z","origin":[10.83187,3.74074,9.25]},"faces":{"north":{"uv":[6,9,6.5,10],"texture":"#0"},"east":{"uv":[7.25,9,7.75,10],"texture":"#0"},"south":{"uv":[7.75,9,8.25,10],"texture":"#0"},"west":{"uv":[8.25,9,8.75,10],"texture":"#0"},"up":{"uv":[9.75,9.75,9.25,9.25],"texture":"#0"},"down":{"uv":[4,9.5,3.5,10],"texture":"#0"}}},{"name":"left_arm","from":[4.16813,1.74074,8.25],"to":[6.16813,5.74074,10.25],"rotation":{"angle":-45,"axis":"z","origin":[5.16813,3.74074,9.25]},"faces":{"north":{"uv":[0,9.25,0.5,10.25],"texture":"#0"},"east":{"uv":[0.5,9.25,1,10.25],"texture":"#0"},"south":{"uv":[1,9.25,1.5,10.25],"texture":"#0"},"west":{"uv":[1.5,9.25,2,10.25],"texture":"#0"},"up":{"uv":[4.5,10,4,9.5],"texture":"#0"},"down":{"uv":[10,4,9.5,4.5],"texture":"#0"}}},{"name":"right_leg","from":[9.075,0.01,4.25],"to":[11.075,2.01,8.25],"rotation":{"angle":-22.5,"axis":"y","origin":[8,0.01,6.25]},"faces":{"north":{"uv":[9.5,5.75,10,6.25],"texture":"#0"},"east":{"uv":[9.25,0,10.25,0.5],"texture":"#0"},"south":{"uv":[9.5,6.25,10,6.75],"texture":"#0"},"west":{"uv":[9.25,1,10.25,1.5],"texture":"#0"},"up":{"uv":[2.5,10.25,2,9.25],"texture":"#0"},"down":{"uv":[9.75,2.25,9.25,3.25],"texture":"#0"}}},{"name":"left_leg","from":[4.925,0.01,4.25],"to":[6.925,2.01,8.25],"rotation":{"angle":22.5,"axis":"y","origin":[8,0.01,6.25]},"faces":{"north":{"uv":[10,5.75,9.5,6.25],"texture":"#0"},"east":{"uv":[10.25,1,9.25,1.5],"texture":"#0"},"south":{"uv":[10,6.25,9.5,6.75],"texture":"#0"},"west":{"uv":[10.25,0,9.25,0.5],"texture":"#0"},"up":{"uv":[2,10.25,2.5,9.25],"texture":"#0"},"down":{"uv":[9.25,2.25,9.75,3.25],"texture":"#0"}}}],"display":{"thirdperson_righthand":{"rotation":[24,13,0],"translation":[0,1.25,-0.5],"scale":[0.6,0.6,0.6]},"thirdperson_lefthand":{"rotation":[24,13,0],"translation":[0,0.75,-0.5],"scale":[0.6,0.6,0.6]},"firstperson_righthand":{"rotation":[0,109,5],"translation":[3.25,5.25,0],"scale":[0.71,0.71,0.71]},"firstperson_lefthand":{"rotation":[0,109,5],"translation":[3.25,5.25,0],"scale":[0.71,0.71,0.71]},"ground":{"translation":[0,3.5,0],"scale":[0.65,0.65,0.65]},"gui":{"rotation":[25,151,0],"translation":[0.25,-0.5,0],"scale":[0.65,0.65,0.65]},"head":{"translation":[0,14.4,0]},"fixed":{"rotation":[-90,0,0],"translation":[0,0,-13.5],"scale":[1.7,1.7,1.7]}}}