{"credit":"Made by Nog's Menagerie","texture_size":[32,32],"textures":{"0":"starplushieia:txt/nm_plushie_gingerbread_man_texture","particle":"starplushieia:txt/nm_plushie_gingerbread_man_texture"},"elements":[{"name":"torso","from":[5.5,0,7],"to":[10.5,8,10],"rotation":{"angle":0,"axis":"y","origin":[8,2.0045,8.60355]},"faces":{"north":{"uv":[3.5,0,6,4],"texture":"#0"},"east":{"uv":[3.5,8,5,12],"texture":"#0"},"south":{"uv":[3.5,4,6,8],"texture":"#0"},"west":{"uv":[8.5,0,10,4],"texture":"#0"},"up":{"uv":[11,5.5,8.5,4],"texture":"#0"},"down":{"uv":[11,5.5,8.5,7],"texture":"#0"}}},{"name":"torso","from":[7.25,3.25,6.925],"to":[8.75,4.75,6.925],"rotation":{"angle":0,"axis":"y","origin":[8,2.0045,8.60355]},"faces":{"north":{"uv":[9,9.5,10,10.5],"texture":"#0"},"east":{"uv":[0,0,0,1],"texture":"#0"},"south":{"uv":[10,0,11,1],"texture":"#0"},"west":{"uv":[0,0,0,1],"texture":"#0"},"up":{"uv":[1,0,0,0],"texture":"#0"},"down":{"uv":[1,0,0,0],"texture":"#0"}}},{"name":"torso","from":[7.25,1.25,6.925],"to":[8.75,2.75,6.925],"rotation":{"angle":0,"axis":"y","origin":[8,2.0045,8.60355]},"faces":{"north":{"uv":[10,1,11,2],"texture":"#0"},"east":{"uv":[0,0,0,1],"texture":"#0"},"south":{"uv":[10,2,11,3],"texture":"#0"},"west":{"uv":[0,0,0,1],"texture":"#0"},"up":{"uv":[1,0,0,0],"texture":"#0"},"down":{"uv":[1,0,0,0],"texture":"#0"}}},{"name":"head","from":[4.5,5.35,5.1],"to":[11.5,12.35,10.1],"rotation":{"angle":-22.5,"axis":"x","origin":[8,7.75,8]},"faces":{"north":{"uv":[0,0,3.5,3.5],"texture":"#0"},"east":{"uv":[6,0,8.5,3.5],"texture":"#0"},"south":{"uv":[0,3.5,3.5,7],"texture":"#0"},"west":{"uv":[6,3.5,8.5,7],"texture":"#0"},"up":{"uv":[3.5,9.5,0,7],"texture":"#0"},"down":{"uv":[9.5,7,6,9.5],"texture":"#0"}}},{"name":"right_arm","from":[9.83187,1.74074,8],"to":[11.83187,5.74074,9],"rotation":{"angle":45,"axis":"z","origin":[10.83187,3.74074,9]},"faces":{"north":{"uv":[5,8,6,10],"texture":"#0"},"east":{"uv":[3,9.5,3.5,11.5],"texture":"#0"},"south":{"uv":[0,9.5,1,11.5],"texture":"#0"},"west":{"uv":[5,10,5.5,12],"texture":"#0"},"up":{"uv":[11.5,10,10.5,9.5],"texture":"#0"},"down":{"uv":[11.5,10,10.5,10.5],"texture":"#0"}}},{"name":"right_leg","from":[8.825,0.01,3.75],"to":[10.825,1.01,7.75],"rotation":{"angle":-22.5,"axis":"y","origin":[8,0.01,6]},"faces":{"north":{"uv":[10.5,10.5,11.5,11],"texture":"#0"},"east":{"uv":[9.5,9,11.5,9.5],"texture":"#0"},"south":{"uv":[11,0,12,0.5],"texture":"#0"},"west":{"uv":[10,3,12,3.5],"texture":"#0"},"up":{"uv":[2,11.5,1,9.5],"texture":"#0"},"down":{"uv":[3,9.5,2,11.5],"texture":"#0"}}},{"name":"left_arm","from":[4.16813,1.74074,8],"to":[6.16813,5.74074,9],"rotation":{"angle":-45,"axis":"z","origin":[5.16813,3.74074,9]},"faces":{"north":{"uv":[6,9.5,7,11.5],"texture":"#0"},"east":{"uv":[5.5,10,6,12],"texture":"#0"},"south":{"uv":[7,9.5,8,11.5],"texture":"#0"},"west":{"uv":[10,9.5,10.5,11.5],"texture":"#0"},"up":{"uv":[12,1,11,0.5],"texture":"#0"},"down":{"uv":[12,1,11,1.5],"texture":"#0"}}},{"name":"left_leg","from":[5.175,0.01,3.75],"to":[7.175,1.01,7.75],"rotation":{"angle":22.5,"axis":"y","origin":[8,0.01,6]},"faces":{"north":{"uv":[11.5,10.5,10.5,11],"texture":"#0"},"east":{"uv":[12,3,10,3.5],"texture":"#0"},"south":{"uv":[12,0,11,0.5],"texture":"#0"},"west":{"uv":[11.5,9,9.5,9.5],"texture":"#0"},"up":{"uv":[1,11.5,2,9.5],"texture":"#0"},"down":{"uv":[2,9.5,3,11.5],"texture":"#0"}}}],"display":{"thirdperson_righthand":{"rotation":[24,13,0],"translation":[0,1.25,0.75],"scale":[0.6,0.6,0.6]},"thirdperson_lefthand":{"rotation":[24,13,0],"translation":[0,1.25,0.75],"scale":[0.6,0.6,0.6]},"firstperson_righthand":{"rotation":[0,109,5],"translation":[3.25,5.25,0],"scale":[0.71,0.71,0.71]},"firstperson_lefthand":{"rotation":[0,109,5],"translation":[3.25,5.25,0],"scale":[0.71,0.71,0.71]},"ground":{"translation":[0,3.5,0],"scale":[0.65,0.65,0.65]},"gui":{"rotation":[25,151,0],"translation":[0.25,1.25,0],"scale":[0.65,0.65,0.65]},"head":{"translation":[0,14.4,0]},"fixed":{"rotation":[-90,0,0],"translation":[0,0,-13.5],"scale":[1.7,1.7,1.7]}}}