{"credit":"Made by Nog's Menagerie","texture_size":[64,64],"textures":{"0":"starplushieia:txt/nm_plushie_penguin_texture","particle":"starplushieia:txt/nm_plushie_penguin_texture"},"elements":[{"name":"torso","from":[5.25,-0.08579,4.79289],"to":[7.25,1.91421,5.79289],"rotation":{"angle":-45,"axis":"x","origin":[6,1.41421,5.29289]},"faces":{"north":{"uv":[6.5,6.5,7,7],"texture":"#0"},"east":{"uv":[7,3.5,7.25,4],"texture":"#0"},"south":{"uv":[6.75,0,7.25,0.5],"texture":"#0"},"west":{"uv":[7,4,7.25,4.5],"texture":"#0"},"up":{"uv":[5,7.25,4.5,7],"texture":"#0"},"down":{"uv":[7.5,4.5,7,4.75],"texture":"#0"}}},{"name":"torso","from":[8.75,-0.08579,4.79289],"to":[10.75,1.91421,5.79289],"rotation":{"angle":-45,"axis":"x","origin":[10,1.41421,5.29289]},"faces":{"north":{"uv":[6.5,5.5,7,6],"texture":"#0"},"east":{"uv":[2.25,6,2.5,6.5],"texture":"#0"},"south":{"uv":[6.5,6,7,6.5],"texture":"#0"},"west":{"uv":[6.25,6.75,6.5,7.25],"texture":"#0"},"up":{"uv":[5.5,4,5,3.75],"texture":"#0"},"down":{"uv":[7,3.5,6.5,3.75],"texture":"#0"}}},{"name":"torso","from":[5,0,6],"to":[11,8,11],"rotation":{"angle":0,"axis":"y","origin":[8,2.0545,8.60355]},"faces":{"north":{"uv":[0,2,1.5,4],"texture":"#0"},"east":{"uv":[0,4,1.25,6],"texture":"#0"},"south":{"uv":[1.5,2,3,4],"texture":"#0"},"west":{"uv":[1.25,4,2.5,6],"texture":"#0"},"up":{"uv":[5.75,1.25,4.25,0],"texture":"#0"},"down":{"uv":[5.75,1.25,4.25,2.5],"texture":"#0"}}},{"name":"head","from":[5.025,6.975,5.025],"to":[10.975,11.975,10.025],"rotation":{"angle":-22.5,"axis":"x","origin":[8,8,7.5]},"faces":{"north":{"uv":[4.25,2.5,5.75,3.75],"texture":"#0"},"east":{"uv":[1,6,2.25,7.25],"texture":"#0"},"south":{"uv":[2.5,5.25,4,6.5],"texture":"#0"},"west":{"uv":[2.25,6.5,3.5,7.75],"texture":"#0"},"up":{"uv":[5.5,6.5,4,5.25],"texture":"#0"},"down":{"uv":[7,3.75,5.5,5],"texture":"#0"}}},{"name":"beak","from":[7,7.975,3.025],"to":[9,9.975,5.025],"rotation":{"angle":-22.5,"axis":"x","origin":[8,8,7.5]},"faces":{"north":{"uv":[6.75,0.5,7.25,1],"texture":"#0"},"east":{"uv":[6.75,1,7.25,1.5],"texture":"#0"},"south":{"uv":[6.75,1.5,7.25,2],"texture":"#0"},"west":{"uv":[6.75,2,7.25,2.5],"texture":"#0"},"up":{"uv":[7.25,3,6.75,2.5],"texture":"#0"},"down":{"uv":[7.25,3,6.75,3.5],"texture":"#0"}}},{"name":"right_wing","from":[12.24541,-0.00247,6.5],"to":[13.24541,6.99753,10.5],"rotation":{"angle":22.5,"axis":"z","origin":[10.99541,2.49753,7.5]},"faces":{"north":{"uv":[3.5,6.5,3.75,8.25],"texture":"#0"},"east":{"uv":[5.5,5,6.5,6.75],"texture":"#0"},"south":{"uv":[3.75,6.5,4,8.25],"texture":"#0"},"west":{"uv":[5.75,0,6.75,1.75],"texture":"#0"},"up":{"uv":[5.5,7.5,5.25,6.5],"texture":"#0"},"down":{"uv":[5.75,6.75,5.5,7.75],"texture":"#0"}}},{"name":"left_wing","from":[2.75459,-0.00247,6.5],"to":[3.75459,6.99753,10.5],"rotation":{"angle":-22.5,"axis":"z","origin":[5.00459,2.49753,7.5]},"faces":{"north":{"uv":[4,6.5,4.25,8.25],"texture":"#0"},"east":{"uv":[5.75,1.75,6.75,3.5],"texture":"#0"},"south":{"uv":[4.25,6.5,4.5,8.25],"texture":"#0"},"west":{"uv":[0,6,1,7.75],"texture":"#0"},"up":{"uv":[6,7.75,5.75,6.75],"texture":"#0"},"down":{"uv":[6.25,6.75,6,7.75],"texture":"#0"}}},{"name":"tail","from":[6.5,0.38268,10.92388],"to":[9.5,1.38268,12.92388],"rotation":{"angle":-22.5,"axis":"x","origin":[9,0.38268,11.92388]},"faces":{"north":{"uv":[4.25,3.75,5,4],"texture":"#0"},"east":{"uv":[7,4.75,7.5,5],"texture":"#0"},"south":{"uv":[5.75,3.5,6.5,3.75],"texture":"#0"},"west":{"uv":[7,5.5,7.5,5.75],"texture":"#0"},"up":{"uv":[5.25,7,4.5,6.5],"texture":"#0"},"down":{"uv":[7.25,5,6.5,5.5],"texture":"#0"}}}],"display":{"thirdperson_righthand":{"rotation":[24,13,0],"translation":[0,1.25,-0.5],"scale":[0.6,0.6,0.6]},"thirdperson_lefthand":{"rotation":[24,13,0],"translation":[0,0.75,-0.5],"scale":[0.6,0.6,0.6]},"firstperson_righthand":{"rotation":[0,109,5],"translation":[3.25,5.25,0],"scale":[0.71,0.71,0.71]},"firstperson_lefthand":{"rotation":[0,109,5],"translation":[3.25,5.25,0],"scale":[0.71,0.71,0.71]},"ground":{"translation":[0,3.5,0],"scale":[0.65,0.65,0.65]},"gui":{"rotation":[25,151,0],"translation":[0.25,1.25,0],"scale":[0.65,0.65,0.65]},"head":{"translation":[0,14.4,0]},"fixed":{"rotation":[-90,0,0],"translation":[0,0,-13.5],"scale":[1.7,1.7,1.7]}}}