{"credit":"Made by Nog's Menagerie","texture_size":[64,64],"textures":{"0":"starplushieia:txt/nm_plushie_frosty_texture","particle":"starplushieia:txt/nm_plushie_frosty_texture"},"elements":[{"name":"torso","from":[3.5,0,7],"to":[12.5,9,14],"rotation":{"angle":0,"axis":"y","origin":[8,2.0045,11.60355]},"faces":{"north":{"uv":[0,0,2.25,2.25],"texture":"#0"},"east":{"uv":[0,4.5,1.75,6.75],"texture":"#0"},"south":{"uv":[0,2.25,2.25,4.5],"texture":"#0"},"west":{"uv":[4.5,0,6.25,2.25],"texture":"#0"},"up":{"uv":[4,6.25,1.75,4.5],"texture":"#0"},"down":{"uv":[6.75,2.25,4.5,4],"texture":"#0"}}},{"name":"head","from":[3.5,14.85,5.6],"to":[12.5,15.85,14.6],"rotation":{"angle":-22.5,"axis":"x","origin":[8,7.75,11.5]},"faces":{"north":{"uv":[8.5,9,10.75,9.25],"texture":"#0"},"east":{"uv":[0.75,9.25,3,9.5],"texture":"#0"},"south":{"uv":[9.25,3.25,11.5,3.5],"texture":"#0"},"west":{"uv":[9.25,3.5,11.5,3.75],"texture":"#0"},"up":{"uv":[4.5,2.25,2.25,0],"texture":"#0"},"down":{"uv":[4.5,2.25,2.25,4.5],"texture":"#0"}}},{"name":"head","from":[4.5,15.85,6.6],"to":[11.5,20.85,13.6],"rotation":{"angle":-22.5,"axis":"x","origin":[8,7.75,11.5]},"faces":{"north":{"uv":[7.5,3.25,9.25,4.5],"texture":"#0"},"east":{"uv":[7.5,4.5,9.25,5.75],"texture":"#0"},"south":{"uv":[5.25,7.5,7,8.75],"texture":"#0"},"west":{"uv":[7.5,5.75,9.25,7],"texture":"#0"},"up":{"uv":[5.75,6.25,4,4.5],"texture":"#0"},"down":{"uv":[7.5,4,5.75,5.75],"texture":"#0"}}},{"name":"head","from":[4.5,8.85,6.6],"to":[11.5,14.85,13.6],"rotation":{"angle":-22.5,"axis":"x","origin":[8,7.75,11.5]},"faces":{"north":{"uv":[1.75,6.25,3.5,7.75],"texture":"#0"},"east":{"uv":[3.5,6.25,5.25,7.75],"texture":"#0"},"south":{"uv":[0,6.75,1.75,8.25],"texture":"#0"},"west":{"uv":[6.75,1.75,8.5,3.25],"texture":"#0"},"up":{"uv":[7.5,7.5,5.75,5.75],"texture":"#0"},"down":{"uv":[8,0,6.25,1.75],"texture":"#0"}}},{"name":"head","from":[7,10.85,4.6],"to":[9,12.85,6.6],"rotation":{"angle":-22.5,"axis":"x","origin":[8,7.75,11.5]},"faces":{"north":{"uv":[5.25,4,5.75,4.5],"texture":"#0"},"east":{"uv":[6.25,1.75,6.75,2.25],"texture":"#0"},"south":{"uv":[5.25,7,5.75,7.5],"texture":"#0"},"west":{"uv":[2.5,9.5,3,10],"texture":"#0"},"up":{"uv":[0.5,10.25,0,9.75],"texture":"#0"},"down":{"uv":[10.25,2.25,9.75,2.75],"texture":"#0"}}},{"name":"left_arm","from":[0.16813,1.86574,9],"to":[3.16813,7.86574,12],"rotation":{"angle":-45,"axis":"z","origin":[2.16813,3.86574,11]},"faces":{"north":{"uv":[7,7.5,7.75,9],"texture":"#0"},"east":{"uv":[1.75,7.75,2.5,9.25],"texture":"#0"},"south":{"uv":[2.5,7.75,3.25,9.25],"texture":"#0"},"west":{"uv":[3.25,7.75,4,9.25],"texture":"#0"},"up":{"uv":[7.5,4,6.75,3.25],"texture":"#0"},"down":{"uv":[3.75,9.25,3,10],"texture":"#0"}}},{"name":"left_arm","from":[0.85747,2.76219,6],"to":[1.85747,3.76219,15],"rotation":{"angle":0,"axis":"y","origin":[1.10747,3.51219,6.5]},"faces":{"north":{"uv":[3,10,3.25,10.25],"texture":"#0"},"east":{"uv":[9.25,3.75,11.5,4],"texture":"#0"},"south":{"uv":[3.25,10,3.5,10.25],"texture":"#0"},"west":{"uv":[9.25,4,11.5,4.25],"texture":"#0"},"up":{"uv":[4,11.5,3.75,9.25],"texture":"#0"},"down":{"uv":[4.25,9.25,4,11.5],"texture":"#0"}}},{"name":"left_arm","from":[0.85747,1.76219,4],"to":[1.85747,4.76219,6],"rotation":{"angle":0,"axis":"y","origin":[1.10747,3.51219,6.5]},"faces":{"north":{"uv":[9.75,7,10,7.75],"texture":"#0"},"east":{"uv":[1.25,9.5,1.75,10.25],"texture":"#0"},"south":{"uv":[7.75,9.75,8,10.5],"texture":"#0"},"west":{"uv":[9.5,1.5,10,2.25],"texture":"#0"},"up":{"uv":[10.25,2,10,1.5],"texture":"#0"},"down":{"uv":[2,10,1.75,10.5],"texture":"#0"}}},{"name":"left_arm","from":[0.85747,1.26219,1],"to":[1.85747,5.26219,4],"rotation":{"angle":0,"axis":"y","origin":[1.10747,3.51219,6.5]},"faces":{"north":{"uv":[0.5,9.75,0.75,10.75],"texture":"#0"},"east":{"uv":[6.25,8.75,7,9.75],"texture":"#0"},"south":{"uv":[6.75,9.75,7,10.75],"texture":"#0"},"west":{"uv":[7,9,7.75,10],"texture":"#0"},"up":{"uv":[8.25,10.5,8,9.75],"texture":"#0"},"down":{"uv":[8.5,9.75,8.25,10.5],"texture":"#0"}}},{"name":"left_leg","from":[4.175,0.01,4],"to":[7.175,3.01,9],"rotation":{"angle":22.5,"axis":"y","origin":[5,0.01,9]},"faces":{"north":{"uv":[9.25,4.25,10,5],"texture":"#0"},"east":{"uv":[8.5,2.5,9.75,3.25],"texture":"#0"},"south":{"uv":[9.25,5,10,5.75],"texture":"#0"},"west":{"uv":[8.5,7,9.75,7.75],"texture":"#0"},"up":{"uv":[8.5,9.75,7.75,8.5],"texture":"#0"},"down":{"uv":[9.25,7.75,8.5,9],"texture":"#0"}}},{"name":"left_leg","from":[4.175,3.01,4],"to":[7.175,5.01,5],"rotation":{"angle":22.5,"axis":"y","origin":[5,0.01,9]},"faces":{"north":{"uv":[4.5,4,5.25,4.5],"texture":"#0"},"east":{"uv":[2,10,2.25,10.5],"texture":"#0"},"south":{"uv":[9.25,6.5,10,7],"texture":"#0"},"west":{"uv":[2.25,10,2.5,10.5],"texture":"#0"},"up":{"uv":[10.75,0.25,10,0],"texture":"#0"},"down":{"uv":[10.75,0.25,10,0.5],"texture":"#0"}}},{"name":"right_leg","from":[8.825,0.01,4],"to":[11.825,3.01,9],"rotation":{"angle":-22.5,"axis":"y","origin":[11,0.01,9]},"faces":{"north":{"uv":[9.25,5.75,10,6.5],"texture":"#0"},"east":{"uv":[8.75,0,10,0.75],"texture":"#0"},"south":{"uv":[9.25,7.75,10,8.5],"texture":"#0"},"west":{"uv":[8.75,0.75,10,1.5],"texture":"#0"},"up":{"uv":[5.5,10,4.75,8.75],"texture":"#0"},"down":{"uv":[6.25,8.75,5.5,10],"texture":"#0"}}},{"name":"right_leg","from":[8.825,3.01,4],"to":[11.825,5.01,5],"rotation":{"angle":-22.5,"axis":"y","origin":[11,0.01,9]},"faces":{"north":{"uv":[9.25,8.5,10,9],"texture":"#0"},"east":{"uv":[2.5,10,2.75,10.5],"texture":"#0"},"south":{"uv":[1.75,9.5,2.5,10],"texture":"#0"},"west":{"uv":[2.75,10,3,10.5],"texture":"#0"},"up":{"uv":[10.75,0.75,10,0.5],"texture":"#0"},"down":{"uv":[10.75,0.75,10,1],"texture":"#0"}}},{"name":"right_arm","from":[12.83187,1.86574,9],"to":[15.83187,7.86574,12],"rotation":{"angle":45,"axis":"z","origin":[13.83187,3.86574,11]},"faces":{"north":{"uv":[4,7.75,4.75,9.25],"texture":"#0"},"east":{"uv":[7.75,7,8.5,8.5],"texture":"#0"},"south":{"uv":[8,0,8.75,1.5],"texture":"#0"},"west":{"uv":[0,8.25,0.75,9.75],"texture":"#0"},"up":{"uv":[9.25,10,8.5,9.25],"texture":"#0"},"down":{"uv":[10,9.25,9.25,10],"texture":"#0"}}}],"display":{"thirdperson_righthand":{"rotation":[24,13,0],"translation":[0,0.75,-0.5],"scale":[0.53,0.53,0.53]},"thirdperson_lefthand":{"rotation":[24,13,0],"translation":[0,0.75,-0.5],"scale":[0.53,0.53,0.53]},"firstperson_righthand":{"rotation":[0,109,5],"translation":[3.25,3.5,0],"scale":[0.68,0.68,0.68]},"firstperson_lefthand":{"rotation":[0,109,5],"translation":[3.25,3.5,0],"scale":[0.68,0.68,0.68]},"ground":{"translation":[0,3.5,0],"scale":[0.65,0.65,0.65]},"gui":{"rotation":[25,151,0],"translation":[0,-1,0],"scale":[0.58,0.58,0.58]},"head":{"translation":[0,14.4,0]},"fixed":{"rotation":[-90,0,0],"translation":[0,0,-13.5],"scale":[1.7,1.7,1.7]}}}