{"credit":"Made by Nog's Menagerie","texture_size":[64,64],"textures":{"0":"starplushieia:txt/plushie_guardian_texture","particle":"starplushieia:txt/plushie_guardian_texture"},"elements":[{"name":"torso","from":[4.5,2.425,4.5],"to":[11.5,11.425,11.5],"rotation":{"angle":0,"axis":"y","origin":[8,5.925,9]},"faces":{"north":{"uv":[0,0,1.75,2.25],"texture":"#0"},"east":{"uv":[1.75,0,3.5,2.25],"texture":"#0"},"south":{"uv":[0,2.25,1.75,4.5],"texture":"#0"},"west":{"uv":[1.75,2.25,3.5,4.5],"texture":"#0"},"up":{"uv":[7.5,3.5,5.75,1.75],"texture":"#0"},"down":{"uv":[1.75,6.75,0,8.5],"texture":"#0"}}},{"name":"torso","from":[4.5,3.425,3.5],"to":[11.5,10.425,12.5],"rotation":{"angle":0,"axis":"y","origin":[8,5.925,9]},"faces":{"north":{"uv":[4,7,5.75,8.75],"texture":"#0"},"east":{"uv":[3.5,0,5.75,1.75],"texture":"#0"},"south":{"uv":[5.75,7,7.5,8.75],"texture":"#0"},"west":{"uv":[3.5,1.75,5.75,3.5],"texture":"#0"},"up":{"uv":[5.25,5.75,3.5,3.5],"texture":"#0"},"down":{"uv":[1.75,4.5,0,6.75],"texture":"#0"}}},{"name":"torso","from":[3.5,3.425,4.5],"to":[12.5,10.425,11.5],"rotation":{"angle":0,"axis":"y","origin":[8,5.925,9]},"faces":{"north":{"uv":[5.25,3.5,7.5,5.25],"texture":"#0"},"east":{"uv":[1.75,7.5,3.5,9.25],"texture":"#0"},"south":{"uv":[5.25,5.25,7.5,7],"texture":"#0"},"west":{"uv":[7.5,1.75,9.25,3.5],"texture":"#0"},"up":{"uv":[8,1.75,5.75,0],"texture":"#0"},"down":{"uv":[4,5.75,1.75,7.5],"texture":"#0"}}},{"name":"torso","from":[3,9.425,7],"to":[7,11.425,9],"rotation":{"angle":-45,"axis":"z","origin":[5.5,13.425,8]},"faces":{"north":{"uv":[3.5,8.75,4.5,9.25],"texture":"#0"},"east":{"uv":[8,1.25,8.5,1.75],"texture":"#0"},"south":{"uv":[4.5,8.75,5.5,9.25],"texture":"#0"},"west":{"uv":[10,8.5,10.5,9],"texture":"#0"},"up":{"uv":[6.5,9.25,5.5,8.75],"texture":"#0"},"down":{"uv":[7.5,8.75,6.5,9.25],"texture":"#0"}}},{"name":"torso","from":[-3.0533,5.82881,1.5],"to":[0.9467,7.82881,3.5],"rotation":{"angle":-45,"axis":"y","origin":[0.1967,8.82881,8]},"faces":{"north":{"uv":[8.75,6.5,9.75,7],"texture":"#0"},"east":{"uv":[10,10,10.5,10.5],"texture":"#0"},"south":{"uv":[8.75,7,9.75,7.5],"texture":"#0"},"west":{"uv":[0,10.25,0.5,10.75],"texture":"#0"},"up":{"uv":[9.75,8,8.75,7.5],"texture":"#0"},"down":{"uv":[8.5,9,7.5,9.5],"texture":"#0"}}},{"name":"torso","from":[15.0533,5.82881,1.5],"to":[19.0533,7.82881,3.5],"rotation":{"angle":45,"axis":"y","origin":[15.8033,8.82881,8]},"faces":{"north":{"uv":[9,8,10,8.5],"texture":"#0"},"east":{"uv":[0.5,10.25,1,10.75],"texture":"#0"},"south":{"uv":[8.5,9,9.5,9.5],"texture":"#0"},"west":{"uv":[10.25,1.25,10.75,1.75],"texture":"#0"},"up":{"uv":[10,9,9,8.5],"texture":"#0"},"down":{"uv":[1,9.25,0,9.75],"texture":"#0"}}},{"name":"torso","from":[15.0533,5.82881,12.5],"to":[19.0533,7.82881,14.5],"rotation":{"angle":-45,"axis":"y","origin":[15.8033,8.82881,8]},"faces":{"north":{"uv":[1,9.25,2,9.75],"texture":"#0"},"east":{"uv":[10.25,1.75,10.75,2.25],"texture":"#0"},"south":{"uv":[9.25,1.5,10.25,2],"texture":"#0"},"west":{"uv":[10.25,2.25,10.75,2.75],"texture":"#0"},"up":{"uv":[3,9.75,2,9.25],"texture":"#0"},"down":{"uv":[10.25,2,9.25,2.5],"texture":"#0"}}},{"name":"torso","from":[-3.0533,5.82881,12.5],"to":[0.9467,7.82881,14.5],"rotation":{"angle":45,"axis":"y","origin":[0.1967,8.82881,8]},"faces":{"north":{"uv":[9.25,2.5,10.25,3],"texture":"#0"},"east":{"uv":[10.25,2.75,10.75,3.25],"texture":"#0"},"south":{"uv":[3,9.25,4,9.75],"texture":"#0"},"west":{"uv":[3,10.25,3.5,10.75],"texture":"#0"},"up":{"uv":[10.25,3.5,9.25,3],"texture":"#0"},"down":{"uv":[5,9.25,4,9.75],"texture":"#0"}}},{"name":"torso","from":[7,7.65723,1.25],"to":[9,11.65723,3.25],"rotation":{"angle":-45,"axis":"x","origin":[8,11.65723,0]},"faces":{"north":{"uv":[3.5,7.5,4,8.5],"texture":"#0"},"east":{"uv":[5,9.25,5.5,10.25],"texture":"#0"},"south":{"uv":[5.5,9.25,6,10.25],"texture":"#0"},"west":{"uv":[6,9.25,6.5,10.25],"texture":"#0"},"up":{"uv":[4,10.75,3.5,10.25],"texture":"#0"},"down":{"uv":[4.5,10.25,4,10.75],"texture":"#0"}}},{"name":"torso","from":[7,7.65723,12.75],"to":[9,11.65723,14.75],"rotation":{"angle":45,"axis":"x","origin":[8,11.65723,16]},"faces":{"north":{"uv":[6.5,9.25,7,10.25],"texture":"#0"},"east":{"uv":[7,9.25,7.5,10.25],"texture":"#0"},"south":{"uv":[9.5,3.5,10,4.5],"texture":"#0"},"west":{"uv":[9.5,4.5,10,5.5],"texture":"#0"},"up":{"uv":[5,10.75,4.5,10.25],"texture":"#0"},"down":{"uv":[5.5,10.25,5,10.75],"texture":"#0"}}},{"name":"torso","from":[9,9.425,7],"to":[13,11.425,9],"rotation":{"angle":45,"axis":"z","origin":[10.5,13.425,8]},"faces":{"north":{"uv":[9.5,0.75,10.5,1.25],"texture":"#0"},"east":{"uv":[5.5,10.25,6,10.75],"texture":"#0"},"south":{"uv":[9.5,5.5,10.5,6],"texture":"#0"},"west":{"uv":[6,10.25,6.5,10.75],"texture":"#0"},"up":{"uv":[10.5,6.5,9.5,6],"texture":"#0"},"down":{"uv":[8.5,9.5,7.5,10],"texture":"#0"}}},{"name":"torso","from":[3.25,2.175,7],"to":[7.25,4.175,9],"rotation":{"angle":45,"axis":"z","origin":[5.5,0.175,8]},"faces":{"north":{"uv":[8.5,9.5,9.5,10],"texture":"#0"},"east":{"uv":[6.5,10.25,7,10.75],"texture":"#0"},"south":{"uv":[9.5,9,10.5,9.5],"texture":"#0"},"west":{"uv":[7,10.25,7.5,10.75],"texture":"#0"},"up":{"uv":[10.5,10,9.5,9.5],"texture":"#0"},"down":{"uv":[1,9.75,0,10.25],"texture":"#0"}}},{"name":"torso","from":[7,2.19277,1.25],"to":[9,6.19277,3.25],"rotation":{"angle":45,"axis":"x","origin":[8,1.94277,0]},"faces":{"north":{"uv":[1,9.75,1.5,10.75],"texture":"#0"},"east":{"uv":[1.5,9.75,2,10.75],"texture":"#0"},"south":{"uv":[2,9.75,2.5,10.75],"texture":"#0"},"west":{"uv":[2.5,9.75,3,10.75],"texture":"#0"},"up":{"uv":[10.75,7.5,10.25,7],"texture":"#0"},"down":{"uv":[10.75,7.5,10.25,8],"texture":"#0"}}},{"name":"torso","from":[8.75,2.175,7],"to":[12.75,4.175,9],"rotation":{"angle":-45,"axis":"z","origin":[10.5,0.175,8]},"faces":{"north":{"uv":[9.75,0,10.75,0.5],"texture":"#0"},"east":{"uv":[10.5,0.5,11,1],"texture":"#0"},"south":{"uv":[3,9.75,4,10.25],"texture":"#0"},"west":{"uv":[10.5,3.25,11,3.75],"texture":"#0"},"up":{"uv":[5,10.25,4,9.75],"texture":"#0"},"down":{"uv":[10.75,6.5,9.75,7],"texture":"#0"}}},{"name":"torso","from":[7,2.19277,12.75],"to":[9,6.19277,14.75],"rotation":{"angle":-45,"axis":"x","origin":[8,1.94277,16]},"faces":{"north":{"uv":[9.75,7,10.25,8],"texture":"#0"},"east":{"uv":[10,3.5,10.5,4.5],"texture":"#0"},"south":{"uv":[10,4.5,10.5,5.5],"texture":"#0"},"west":{"uv":[7.5,10,8,11],"texture":"#0"},"up":{"uv":[11,4.25,10.5,3.75],"texture":"#0"},"down":{"uv":[11,4.25,10.5,4.75],"texture":"#0"}}},{"name":"torso","from":[6,2.575,10.75],"to":[10,6.575,13.75],"rotation":{"angle":22.5,"axis":"x","origin":[8,3.91075,17.22622]},"faces":{"north":{"uv":[1.75,4.5,2.75,5.5],"texture":"#0"},"east":{"uv":[7.5,8,8.25,9],"texture":"#0"},"south":{"uv":[4,5.75,5,6.75],"texture":"#0"},"west":{"uv":[8.25,8,9,9],"texture":"#0"},"up":{"uv":[1,9.25,0,8.5],"texture":"#0"},"down":{"uv":[9.75,0,8.75,0.75],"texture":"#0"}}},{"name":"torso","from":[6.5,1.65951,13.10817],"to":[9.5,4.65951,18.10817],"rotation":{"angle":45,"axis":"x","origin":[8,3.91075,17.22622]},"faces":{"north":{"uv":[1,8.5,1.75,9.25],"texture":"#0"},"east":{"uv":[7.5,6.5,8.75,7.25],"texture":"#0"},"south":{"uv":[8.75,0.75,9.5,1.5],"texture":"#0"},"west":{"uv":[7.5,7.25,8.75,8],"texture":"#0"},"up":{"uv":[3.5,5.75,2.75,4.5],"texture":"#0"},"down":{"uv":[8.75,0,8,1.25],"texture":"#0"}}},{"name":"torso","from":[7,1.90812,16.47168],"to":[9,3.90812,20.47168],"rotation":{"angle":0,"axis":"y","origin":[8,2.15812,19.72168]},"faces":{"north":{"uv":[10.5,4.75,11,5.25],"texture":"#0"},"east":{"uv":[8,10,9,10.5],"texture":"#0"},"south":{"uv":[10.5,5.25,11,5.75],"texture":"#0"},"west":{"uv":[10,8,11,8.5],"texture":"#0"},"up":{"uv":[9.5,11,9,10],"texture":"#0"},"down":{"uv":[10,10,9.5,11],"texture":"#0"}}},{"name":"torso","from":[8,-0.59188,18.47168],"to":[8,5.40812,26.47168],"rotation":{"angle":0,"axis":"y","origin":[8,2.15812,19.72168]},"faces":{"north":{"uv":[0,0,0,1.5],"texture":"#0"},"east":{"uv":[7.5,3.5,9.5,5],"texture":"#0"},"south":{"uv":[0,0,0,1.5],"texture":"#0"},"west":{"uv":[7.5,5,9.5,6.5],"texture":"#0"},"up":{"uv":[0,2,0,0],"texture":"#0"},"down":{"uv":[0,0,0,2],"texture":"#0"}}}],"display":{"thirdperson_righthand":{"rotation":[71,43,0],"translation":[0,-0.25,-0.75],"scale":[0.71,0.71,0.71]},"thirdperson_lefthand":{"rotation":[71,43,0],"translation":[0,-0.25,-0.75],"scale":[0.71,0.71,0.71]},"firstperson_righthand":{"rotation":[0,109,5],"translation":[4.5,5.5,0],"scale":[0.72,0.72,0.72]},"firstperson_lefthand":{"rotation":[0,109,5],"translation":[4.5,5.5,0],"scale":[0.72,0.72,0.72]},"ground":{"translation":[0,3.5,-2.75],"scale":[0.65,0.65,0.65]},"gui":{"rotation":[25,151,0],"translation":[-0.25,0.5,0],"scale":[0.73,0.73,0.73]},"head":{"translation":[0,14.4,0.25]},"fixed":{"rotation":[-90,0,0],"translation":[0,0.5,-13.5],"scale":[1.7,1.7,1.7]}}}