{"credit":"Made by Nog's Menagerie","texture_size":[32,32],"textures":{"0":"starplushieia:txt/plushie_turtle","particle":"starplushieia:txt/plushie_turtle"},"elements":[{"name":"head","from":[6.5,0,1],"to":[9.5,3,4],"rotation":{"angle":0,"axis":"y","origin":[8,2.0045,6.60355]},"faces":{"north":{"uv":[7.5,7.5,9,9],"texture":"#0"},"east":{"uv":[5,8.5,6.5,10],"texture":"#0"},"south":{"uv":[0,9,1.5,10.5],"texture":"#0"},"west":{"uv":[1.5,9,3,10.5],"texture":"#0"},"up":{"uv":[4.5,10.5,3,9],"texture":"#0"},"down":{"uv":[8,9,6.5,10.5],"texture":"#0"}}},{"name":"torso","from":[5.5,0,4],"to":[10.5,2,13],"rotation":{"angle":0,"axis":"y","origin":[8,2.0045,6.60355]},"faces":{"north":{"uv":[7,3,9.5,4],"texture":"#0"},"east":{"uv":[5,4.5,9.5,5.5],"texture":"#0"},"south":{"uv":[5,7.5,7.5,8.5],"texture":"#0"},"west":{"uv":[5,5.5,9.5,6.5],"texture":"#0"},"up":{"uv":[2.5,9,0,4.5],"texture":"#0"},"down":{"uv":[5,4.5,2.5,9],"texture":"#0"}}},{"name":"torso","from":[4.5,2,4],"to":[11.5,4,13],"rotation":{"angle":0,"axis":"y","origin":[8,2.0045,6.60355]},"faces":{"north":{"uv":[7,1,10.5,2],"texture":"#0"},"east":{"uv":[5,6.5,9.5,7.5],"texture":"#0"},"south":{"uv":[7,2,10.5,3],"texture":"#0"},"west":{"uv":[7,0,11.5,1],"texture":"#0"},"up":{"uv":[3.5,4.5,0,0],"texture":"#0"},"down":{"uv":[7,0,3.5,4.5],"texture":"#0"}}},{"name":"right_leg","from":[9.13249,0.009,10.7157],"to":[11.13249,1.009,14.7157],"rotation":{"angle":22.5,"axis":"y","origin":[11.13249,0.509,12.9657]},"faces":{"north":{"uv":[6.5,8.5,7.5,9],"texture":"#0"},"east":{"uv":[7,4,9,4.5],"texture":"#0"},"south":{"uv":[5.5,10,6.5,10.5],"texture":"#0"},"west":{"uv":[9.5,7,11.5,7.5],"texture":"#0"},"up":{"uv":[10,9.5,9,7.5],"texture":"#0"},"down":{"uv":[9,9,8,11],"texture":"#0"}}},{"name":"right_arm","from":[9.29645,0.009,6.18436],"to":[13.29645,1.009,8.18436],"rotation":{"angle":22.5,"axis":"y","origin":[8,2.0045,6.60355]},"faces":{"north":{"uv":[10,7.5,12,8],"texture":"#0"},"east":{"uv":[0,10.5,1,11],"texture":"#0"},"south":{"uv":[10,8,12,8.5],"texture":"#0"},"west":{"uv":[1,10.5,2,11],"texture":"#0"},"up":{"uv":[11.5,4,9.5,3],"texture":"#0"},"down":{"uv":[11.5,4,9.5,5],"texture":"#0"}}},{"name":"left_arm","from":[2.70355,0.009,6.18436],"to":[6.70355,1.009,8.18436],"rotation":{"angle":-22.5,"axis":"y","origin":[8,2.0045,6.60355]},"faces":{"north":{"uv":[10,8.5,12,9],"texture":"#0"},"east":{"uv":[10.5,1,11.5,1.5],"texture":"#0"},"south":{"uv":[10,9,12,9.5],"texture":"#0"},"west":{"uv":[10.5,1.5,11.5,2],"texture":"#0"},"up":{"uv":[11.5,6,9.5,5],"texture":"#0"},"down":{"uv":[11.5,6,9.5,7],"texture":"#0"}}},{"name":"left_leg","from":[4.86751,0.009,10.7157],"to":[6.86751,1.009,14.7157],"rotation":{"angle":-22.5,"axis":"y","origin":[4.86751,0.509,12.9657]},"faces":{"north":{"uv":[2,10.5,3,11],"texture":"#0"},"east":{"uv":[10,9.5,12,10],"texture":"#0"},"south":{"uv":[10.5,2,11.5,2.5],"texture":"#0"},"west":{"uv":[10,10,12,10.5],"texture":"#0"},"up":{"uv":[10,11.5,9,9.5],"texture":"#0"},"down":{"uv":[5.5,10,4.5,12],"texture":"#0"}}}],"display":{"thirdperson_righthand":{"rotation":[71,43,0],"translation":[0,0.75,3.25],"scale":[0.86,0.86,0.86]},"thirdperson_lefthand":{"rotation":[71,43,0],"translation":[0,0.75,3.25],"scale":[0.86,0.86,0.86]},"firstperson_righthand":{"rotation":[0,109,5],"translation":[1.25,9.75,0],"scale":[0.92,0.92,0.92]},"firstperson_lefthand":{"rotation":[0,109,5],"translation":[1.25,9.75,0],"scale":[0.92,0.92,0.92]},"ground":{"translation":[0,3.5,0],"scale":[0.65,0.65,0.65]},"gui":{"rotation":[25,151,0],"translation":[0,5.5,0],"scale":[1.05,1.05,1.05]},"head":{"translation":[0,14.4,0]},"fixed":{"rotation":[-90,0,0],"translation":[0,0,-13.5],"scale":[1.7,1.7,1.7]}}}