{"credit":"Made by Nog's Menagerie","texture_size":[128,128],"textures":{"0":"starplushieia:txt/plushie_elder_guardian_texture","particle":"starplushieia:txt/plushie_elder_guardian_texture"},"elements":[{"name":"torso","from":[2,4.75,-3],"to":[14,20.75,9],"rotation":{"angle":0,"axis":"y","origin":[8,7.675,4]},"faces":{"north":{"uv":[0,0,1.5,2],"texture":"#0"},"east":{"uv":[1.5,0,3,2],"texture":"#0"},"south":{"uv":[0,2,1.5,4],"texture":"#0"},"west":{"uv":[1.5,2,3,4],"texture":"#0"},"up":{"uv":[1.5,7,0,5.5],"texture":"#0"},"down":{"uv":[3,6,1.5,7.5],"texture":"#0"}}},{"name":"torso","from":[0,6.75,-3],"to":[16,18.75,9],"rotation":{"angle":0,"axis":"y","origin":[8,7.675,4]},"faces":{"north":{"uv":[3,0,5,1.5],"texture":"#0"},"east":{"uv":[3,6,4.5,7.5],"texture":"#0"},"south":{"uv":[3,1.5,5,3],"texture":"#0"},"west":{"uv":[6,4,7.5,5.5],"texture":"#0"},"up":{"uv":[5,4.5,3,3],"texture":"#0"},"down":{"uv":[2,4,0,5.5],"texture":"#0"}}},{"name":"torso","from":[2,6.75,-5],"to":[14,18.75,11],"rotation":{"angle":0,"axis":"y","origin":[8,7.675,4]},"faces":{"north":{"uv":[4.5,6,6,7.5],"texture":"#0"},"east":{"uv":[2,4.5,4,6],"texture":"#0"},"south":{"uv":[6,5.5,7.5,7],"texture":"#0"},"west":{"uv":[4,4.5,6,6],"texture":"#0"},"up":{"uv":[6.5,2,5,0],"texture":"#0"},"down":{"uv":[6.5,2,5,4],"texture":"#0"}}},{"name":"torso","from":[5,8.75,9.8],"to":[11,14.75,16.8],"rotation":{"angle":22.5,"axis":"x","origin":[8,12.75,13.5]},"faces":{"north":{"uv":[6,7,6.75,7.75],"texture":"#0"},"east":{"uv":[6.5,2.25,7.375,3],"texture":"#0"},"south":{"uv":[6.75,7,7.5,7.75],"texture":"#0"},"west":{"uv":[6.5,3,7.375,3.75],"texture":"#0"},"up":{"uv":[0.75,7.875,0,7],"texture":"#0"},"down":{"uv":[1.5,7,0.75,7.875],"texture":"#0"}}},{"name":"torso","from":[6,8.56327,14.91612],"to":[10,12.56327,20.91612],"rotation":{"angle":45,"axis":"x","origin":[8,10.56327,16.16612]},"faces":{"north":{"uv":[1.5,5.5,2,6],"texture":"#0"},"east":{"uv":[8.5,5.75,9.25,6.25],"texture":"#0"},"south":{"uv":[8,8.75,8.5,9.25],"texture":"#0"},"west":{"uv":[8.5,6.25,9.25,6.75],"texture":"#0"},"up":{"uv":[6,9.25,5.5,8.5],"texture":"#0"},"down":{"uv":[9,6.75,8.5,7.5],"texture":"#0"}}},{"name":"torso","from":[6.5,5.79029,18.11066],"to":[9.5,8.79029,24.11066],"rotation":{"angle":0,"axis":"y","origin":[8,5.79029,21.11066]},"faces":{"north":{"uv":[9,3.5,9.375,3.875],"texture":"#0"},"east":{"uv":[8.625,0,9.375,0.375],"texture":"#0"},"south":{"uv":[9.25,5.875,9.625,6.25],"texture":"#0"},"west":{"uv":[8.625,0.375,9.375,0.75],"texture":"#0"},"up":{"uv":[6.375,9.5,6,8.75],"texture":"#0"},"down":{"uv":[6.75,8.75,6.375,9.5],"texture":"#0"}}},{"name":"torso","from":[8,2.79029,23.11066],"to":[8,11.79029,32],"rotation":{"angle":0,"axis":"y","origin":[8,5.79029,21.11066]},"faces":{"north":{"uv":[0,0,0,1.125],"texture":"#0"},"east":{"uv":[6.5,0,7.625,1.125],"texture":"#0"},"south":{"uv":[0,0,0,1.125],"texture":"#0"},"west":{"uv":[6.5,1.125,7.625,2.25],"texture":"#0"},"up":{"uv":[0,1.125,0,0],"texture":"#0"},"down":{"uv":[0,0,0,1.125],"texture":"#0"}}},{"name":"torso","from":[6,18.7,-9.15],"to":[10,26.7,-5.15],"rotation":{"angle":-45,"axis":"x","origin":[8,23.75,-5]},"faces":{"north":{"uv":[7.375,2.25,7.875,3.25],"texture":"#0"},"east":{"uv":[1.5,7.5,2,8.5],"texture":"#0"},"south":{"uv":[2,7.5,2.5,8.5],"texture":"#0"},"west":{"uv":[2.5,7.5,3,8.5],"texture":"#0"},"up":{"uv":[9,9.25,8.5,8.75],"texture":"#0"},"down":{"uv":[1.5,8.875,1,9.375],"texture":"#0"}}},{"name":"torso","from":[6,18.7,11.15],"to":[10,26.7,15.15],"rotation":{"angle":45,"axis":"x","origin":[8,23.75,11]},"faces":{"north":{"uv":[3,7.5,3.5,8.5],"texture":"#0"},"east":{"uv":[7.5,3.25,8,4.25],"texture":"#0"},"south":{"uv":[3.5,7.5,4,8.5],"texture":"#0"},"west":{"uv":[4,7.5,4.5,8.5],"texture":"#0"},"up":{"uv":[9.375,2.5,8.875,2],"texture":"#0"},"down":{"uv":[9.375,2.5,8.875,3],"texture":"#0"}}},{"name":"torso","from":[-2.15,13.33726,1],"to":[5.85,17.33726,5],"rotation":{"angle":-45,"axis":"z","origin":[8,21.48726,3]},"faces":{"north":{"uv":[2,4,3,4.5],"texture":"#0"},"east":{"uv":[8.875,7.5,9.375,8],"texture":"#0"},"south":{"uv":[5,4,6,4.5],"texture":"#0"},"west":{"uv":[8.875,8,9.375,8.5],"texture":"#0"},"up":{"uv":[8.5,4.75,7.5,4.25],"texture":"#0"},"down":{"uv":[5.5,7.5,4.5,8],"texture":"#0"}}},{"name":"torso","from":[10.15,13.33726,1],"to":[18.15,17.33726,5],"rotation":{"angle":45,"axis":"z","origin":[8,21.48726,3]},"faces":{"north":{"uv":[7.5,4.75,8.5,5.25],"texture":"#0"},"east":{"uv":[9,0.75,9.5,1.25],"texture":"#0"},"south":{"uv":[7.5,5.25,8.5,5.75],"texture":"#0"},"west":{"uv":[9,1.25,9.5,1.75],"texture":"#0"},"up":{"uv":[8.5,6.25,7.5,5.75],"texture":"#0"},"down":{"uv":[8.5,6.25,7.5,6.75],"texture":"#0"}}},{"name":"torso","from":[10.15,8.41274,1],"to":[18.15,12.41274,5],"rotation":{"angle":-45,"axis":"z","origin":[8,4.26274,3]},"faces":{"north":{"uv":[7.5,6.75,8.5,7.25],"texture":"#0"},"east":{"uv":[1.5,9,2,9.5],"texture":"#0"},"south":{"uv":[7.5,7.25,8.5,7.75],"texture":"#0"},"west":{"uv":[2,9,2.5,9.5],"texture":"#0"},"up":{"uv":[8.625,0.5,7.625,0],"texture":"#0"},"down":{"uv":[8.625,0.5,7.625,1],"texture":"#0"}}},{"name":"torso","from":[6,-0.95,-9.15],"to":[10,7.05,-5.15],"rotation":{"angle":45,"axis":"x","origin":[8,2,-5]},"faces":{"north":{"uv":[5.5,7.5,6,8.5],"texture":"#0"},"east":{"uv":[7.625,1,8.125,2],"texture":"#0"},"south":{"uv":[6,7.75,6.5,8.75],"texture":"#0"},"west":{"uv":[6.5,7.75,7,8.75],"texture":"#0"},"up":{"uv":[3,9.5,2.5,9],"texture":"#0"},"down":{"uv":[9.5,3,9,3.5],"texture":"#0"}}},{"name":"torso","from":[-2.15,8.41274,1],"to":[5.85,12.41274,5],"rotation":{"angle":45,"axis":"z","origin":[8,4.26274,3]},"faces":{"north":{"uv":[7,7.75,8,8.25],"texture":"#0"},"east":{"uv":[4.25,9,4.75,9.5],"texture":"#0"},"south":{"uv":[0,7.875,1,8.375],"texture":"#0"},"west":{"uv":[4.75,9,5.25,9.5],"texture":"#0"},"up":{"uv":[8.875,2.5,7.875,2],"texture":"#0"},"down":{"uv":[8.875,2.5,7.875,3],"texture":"#0"}}},{"name":"torso","from":[6,-0.95,11.15],"to":[10,7.05,15.15],"rotation":{"angle":-45,"axis":"x","origin":[8,2,11]},"faces":{"north":{"uv":[1,7.875,1.5,8.875],"texture":"#0"},"east":{"uv":[8,3,8.5,4],"texture":"#0"},"south":{"uv":[4.5,8,5,9],"texture":"#0"},"west":{"uv":[5,8,5.5,9],"texture":"#0"},"up":{"uv":[9.5,5.375,9,4.875],"texture":"#0"},"down":{"uv":[9.5,6.75,9,7.25],"texture":"#0"}}},{"name":"torso","from":[-2.2,10.67426,-15.78553],"to":[1.8,14.67426,-8.78553],"rotation":{"angle":45,"axis":"y","origin":[8,24.17426,-8.53553]},"faces":{"north":{"uv":[9,8.5,9.5,9],"texture":"#0"},"east":{"uv":[8,7.75,8.875,8.25],"texture":"#0"},"south":{"uv":[9,9,9.5,9.5],"texture":"#0"},"west":{"uv":[8.125,1,9,1.5],"texture":"#0"},"up":{"uv":[7.5,9.125,7,8.25],"texture":"#0"},"down":{"uv":[8,8.25,7.5,9.125],"texture":"#0"}}},{"name":"torso","from":[14.2,10.67426,-15.78553],"to":[18.2,14.67426,-8.78553],"rotation":{"angle":-45,"axis":"y","origin":[8,24.17426,-8.53553]},"faces":{"north":{"uv":[6.75,9.125,7.25,9.625],"texture":"#0"},"east":{"uv":[8.125,1.5,9,2],"texture":"#0"},"south":{"uv":[7.25,9.125,7.75,9.625],"texture":"#0"},"west":{"uv":[8,8.25,8.875,8.75],"texture":"#0"},"up":{"uv":[0.5,9.25,0,8.375],"texture":"#0"},"down":{"uv":[1,8.375,0.5,9.25],"texture":"#0"}}},{"name":"torso","from":[14.2,10.67426,14.78553],"to":[18.2,14.67426,21.78553],"rotation":{"angle":45,"axis":"y","origin":[8,24.17426,14.53553]},"faces":{"north":{"uv":[0,9.25,0.5,9.75],"texture":"#0"},"east":{"uv":[1.5,8.5,2.375,9],"texture":"#0"},"south":{"uv":[0.5,9.25,1,9.75],"texture":"#0"},"west":{"uv":[2.375,8.5,3.25,9],"texture":"#0"},"up":{"uv":[9,3.875,8.5,3],"texture":"#0"},"down":{"uv":[3.75,8.5,3.25,9.375],"texture":"#0"}}},{"name":"torso","from":[-2.2,10.67426,14.78553],"to":[1.8,14.67426,21.78553],"rotation":{"angle":-45,"axis":"y","origin":[8,24.17426,14.53553]},"faces":{"north":{"uv":[5.25,9.25,5.75,9.75],"texture":"#0"},"east":{"uv":[8.5,3.875,9.375,4.375],"texture":"#0"},"south":{"uv":[9.25,5.375,9.75,5.875],"texture":"#0"},"west":{"uv":[8.5,4.375,9.375,4.875],"texture":"#0"},"up":{"uv":[4.25,9.375,3.75,8.5],"texture":"#0"},"down":{"uv":[9,4.875,8.5,5.75],"texture":"#0"}}}],"display":{"thirdperson_righthand":{"rotation":[71,19,0],"translation":[-0.75,0,-1],"scale":[0.3,0.3,0.3]},"thirdperson_lefthand":{"rotation":[71,19,0],"translation":[-0.75,0,-1],"scale":[0.3,0.3,0.3]},"firstperson_righthand":{"rotation":[0,109,5],"translation":[3.75,2.75,0],"scale":[0.36,0.36,0.36]},"firstperson_lefthand":{"rotation":[0,109,5],"translation":[3.75,2.75,0],"scale":[0.36,0.36,0.36]},"ground":{"translation":[0,0.75,0],"scale":[0.28,0.28,0.28]},"gui":{"rotation":[25,151,0],"translation":[1,-1,0],"scale":[0.38,0.38,0.38]},"head":{"translation":[0,9.65,5]},"fixed":{"rotation":[-90,0,0],"translation":[0,10.25,-15.75],"scale":[2,2,2]}}}