{"credit":"Made by Nog's Menagerie","texture_size":[32,32],"textures":{"0":"starplushieia:txt/plushie_dolphin","particle":"starplushieia:txt/plushie_dolphin"},"elements":[{"name":"head","from":[5,0,1.8],"to":[11,5,10.8],"rotation":{"angle":0,"axis":"y","origin":[8,2.0045,6.90355]},"faces":{"north":{"uv":[6,0,9,2.5],"texture":"#0"},"east":{"uv":[0,4.5,4.5,7],"texture":"#0"},"south":{"uv":[0,7,3,9.5],"texture":"#0"},"west":{"uv":[4.5,4.5,9,7],"texture":"#0"},"up":{"uv":[3,4.5,0,0],"texture":"#0"},"down":{"uv":[6,0,3,4.5],"texture":"#0"}}},{"name":"head","from":[7.5,4.26256,5.5981],"to":[8.5,7.26256,8.5981],"rotation":{"angle":22.5,"axis":"x","origin":[8,5.26256,7.0981]},"faces":{"north":{"uv":[0,11,0.5,12.5],"texture":"#0"},"east":{"uv":[9,4.5,10.5,6],"texture":"#0"},"south":{"uv":[11,0,11.5,1.5],"texture":"#0"},"west":{"uv":[0,9.5,1.5,11],"texture":"#0"},"up":{"uv":[1,12.5,0.5,11],"texture":"#0"},"down":{"uv":[1.5,11,1,12.5],"texture":"#0"}}},{"name":"head","from":[6,0,10.8],"to":[10,3,13.8],"rotation":{"angle":0,"axis":"y","origin":[8,2.0045,6.90355]},"faces":{"north":{"uv":[9,0,11,1.5],"texture":"#0"},"east":{"uv":[1.5,9.5,3,11],"texture":"#0"},"south":{"uv":[9,1.5,11,3],"texture":"#0"},"west":{"uv":[5,10,6.5,11.5],"texture":"#0"},"up":{"uv":[5,10.5,3,9],"texture":"#0"},"down":{"uv":[11,3,9,4.5],"texture":"#0"}}},{"name":"head","from":[5,0.6,12.8],"to":[11,1.6,16.8],"rotation":{"angle":22.5,"axis":"x","origin":[8,1.5,14.8]},"faces":{"north":{"uv":[9,6,12,6.5],"texture":"#0"},"east":{"uv":[3,10.5,5,11],"texture":"#0"},"south":{"uv":[9,6.5,12,7],"texture":"#0"},"west":{"uv":[10.5,5.5,12.5,6],"texture":"#0"},"up":{"uv":[9,4.5,6,2.5],"texture":"#0"},"down":{"uv":[6,7,3,9],"texture":"#0"}}},{"name":"head","from":[7,0,-0.2],"to":[9,2,1.8],"rotation":{"angle":0,"axis":"y","origin":[8,2.0045,6.90355]},"faces":{"north":{"uv":[5,9,6,10],"texture":"#0"},"east":{"uv":[6.5,10.5,7.5,11.5],"texture":"#0"},"south":{"uv":[7.5,10.5,8.5,11.5],"texture":"#0"},"west":{"uv":[8.5,10.5,9.5,11.5],"texture":"#0"},"up":{"uv":[10.5,11.5,9.5,10.5],"texture":"#0"},"down":{"uv":[11.5,10.5,10.5,11.5],"texture":"#0"}}},{"name":"right_arm","from":[8.98129,0.009,4.91223],"to":[13.98129,1.009,7.91223],"rotation":{"angle":-45,"axis":"y","origin":[12.23129,0.509,6.16223]},"faces":{"north":{"uv":[6.5,10,9,10.5],"texture":"#0"},"east":{"uv":[1.5,11,3,11.5],"texture":"#0"},"south":{"uv":[9,10,11.5,10.5],"texture":"#0"},"west":{"uv":[11,1.5,12.5,2],"texture":"#0"},"up":{"uv":[8.5,8.5,6,7],"texture":"#0"},"down":{"uv":[8.5,8.5,6,10],"texture":"#0"}}},{"name":"right_arm","from":[2.01871,0.009,4.91223],"to":[7.01871,1.009,7.91223],"rotation":{"angle":45,"axis":"y","origin":[3.76871,0.509,6.16223]},"faces":{"north":{"uv":[10.5,4.5,13,5],"texture":"#0"},"east":{"uv":[11,2,12.5,2.5],"texture":"#0"},"south":{"uv":[10.5,5,13,5.5],"texture":"#0"},"west":{"uv":[11,2.5,12.5,3],"texture":"#0"},"up":{"uv":[11,8.5,8.5,7],"texture":"#0"},"down":{"uv":[11,8.5,8.5,10],"texture":"#0"}}}],"display":{"thirdperson_righthand":{"rotation":[71,43,0],"translation":[0,0.75,3.25],"scale":[0.86,0.86,0.86]},"thirdperson_lefthand":{"rotation":[71,43,0],"translation":[0,0.75,3.25],"scale":[0.86,0.86,0.86]},"firstperson_righthand":{"rotation":[0,109,5],"translation":[2.5,9.75,0],"scale":[0.92,0.92,0.92]},"firstperson_lefthand":{"rotation":[0,109,5],"translation":[2.5,9.75,0],"scale":[0.92,0.92,0.92]},"ground":{"translation":[0,3.5,0],"scale":[0.65,0.65,0.65]},"gui":{"rotation":[25,151,0],"translation":[0,4.75,0],"scale":[0.93,0.93,0.93]},"head":{"translation":[0,14.4,0]},"fixed":{"rotation":[-90,0,0],"translation":[0,0,-13.5],"scale":[1.7,1.7,1.7]}}}