{"credit":"Made by Nog's Menagerie","texture_size":[32,32],"textures":{"0":"starplushieia:txt/plushie_frog","particle":"starplushieia:txt/plushie_frog"},"elements":[{"name":"torso","from":[5.5,0,5],"to":[10.5,4,11],"rotation":{"angle":0,"axis":"y","origin":[8,2.0045,6.85355]},"faces":{"north":{"uv":[0,5,2.5,7],"texture":"#0"},"east":{"uv":[0,3,3,5],"texture":"#0"},"south":{"uv":[5,0,7.5,2],"texture":"#0"},"west":{"uv":[3,3,6,5],"texture":"#0"},"up":{"uv":[2.5,3,0,0],"texture":"#0"},"down":{"uv":[5,0,2.5,3],"texture":"#0"}}},{"name":"torso","from":[8.5,4,6],"to":[10.5,6,7],"rotation":{"angle":0,"axis":"y","origin":[8,2.0045,6.85355]},"faces":{"north":{"uv":[5,2,6,3],"texture":"#0"},"east":{"uv":[7,9,7.5,10],"texture":"#0"},"south":{"uv":[6,4,7,5],"texture":"#0"},"west":{"uv":[9,7,9.5,8],"texture":"#0"},"up":{"uv":[10,8.5,9,8],"texture":"#0"},"down":{"uv":[10.5,1,9.5,1.5],"texture":"#0"}}},{"name":"torso","from":[5.5,4,6],"to":[7.5,6,7],"rotation":{"angle":0,"axis":"y","origin":[8,2.0045,6.85355]},"faces":{"north":{"uv":[8.5,1,9.5,2],"texture":"#0"},"east":{"uv":[9.5,1.5,10,2.5],"texture":"#0"},"south":{"uv":[2,8.5,3,9.5],"texture":"#0"},"west":{"uv":[2,9.5,2.5,10.5],"texture":"#0"},"up":{"uv":[3.5,10,2.5,9.5],"texture":"#0"},"down":{"uv":[10.5,2.5,9.5,3],"texture":"#0"}}},{"name":"right_leg","from":[3.65799,0.05,7.72374],"to":[6.65799,2.05,10.72374],"rotation":{"angle":22.5,"axis":"y","origin":[7.65799,1.05,9.02374]},"faces":{"north":{"uv":[4.5,7,6,8],"texture":"#0"},"east":{"uv":[7,5.5,8.5,6.5],"texture":"#0"},"south":{"uv":[6,7,7.5,8],"texture":"#0"},"west":{"uv":[7.5,0,9,1],"texture":"#0"},"up":{"uv":[1.5,8.5,0,7],"texture":"#0"},"down":{"uv":[3,7,1.5,8.5],"texture":"#0"}}},{"name":"right_leg","from":[2.65799,0.1,6.72374],"to":[5.65799,0.1,10.72374],"rotation":{"angle":22.5,"axis":"y","origin":[7.65799,1.05,9.02374]},"faces":{"north":{"uv":[0,0,1.5,0],"texture":"#0"},"east":{"uv":[0,0,2,0],"texture":"#0"},"south":{"uv":[0,0,1.5,0],"texture":"#0"},"west":{"uv":[0,0,2,0],"texture":"#0"},"up":{"uv":[4,7,2.5,5],"texture":"#0"},"down":{"uv":[5.5,5,4,7],"texture":"#0"}}},{"name":"right_arm","from":[3.87619,0.05,6.29086],"to":[5.87619,2.05,8.29086],"rotation":{"angle":-22.5,"axis":"y","origin":[7.42264,2.0455,6.96006]},"faces":{"north":{"uv":[8.5,2,9.5,3],"texture":"#0"},"east":{"uv":[3,8.5,4,9.5],"texture":"#0"},"south":{"uv":[8.5,3,9.5,4],"texture":"#0"},"west":{"uv":[8.5,4,9.5,5],"texture":"#0"},"up":{"uv":[9.5,6,8.5,5],"texture":"#0"},"down":{"uv":[8.5,8.5,7.5,9.5],"texture":"#0"}}},{"name":"right_arm","from":[2.87619,0.1,5.29086],"to":[4.87619,0.1,8.29086],"rotation":{"angle":-22.5,"axis":"y","origin":[7.42264,2.0455,6.96006]},"faces":{"north":{"uv":[0,0,1,0],"texture":"#0"},"east":{"uv":[0,0,1.5,0],"texture":"#0"},"south":{"uv":[0,0,1,0],"texture":"#0"},"west":{"uv":[0,0,1.5,0],"texture":"#0"},"up":{"uv":[8.5,2.5,7.5,1],"texture":"#0"},"down":{"uv":[8.5,2.5,7.5,4],"texture":"#0"}}},{"name":"right_leg","from":[9.34201,0.05,7.72374],"to":[12.34201,2.05,10.72374],"rotation":{"angle":-22.5,"axis":"y","origin":[8.34201,1.05,9.02374]},"faces":{"north":{"uv":[7.5,6.5,9,7.5],"texture":"#0"},"east":{"uv":[7.5,7.5,9,8.5],"texture":"#0"},"south":{"uv":[4.5,8,6,9],"texture":"#0"},"west":{"uv":[6,8,7.5,9],"texture":"#0"},"up":{"uv":[4.5,8.5,3,7],"texture":"#0"},"down":{"uv":[8.5,4,7,5.5],"texture":"#0"}}},{"name":"right_arm","from":[10.12381,0.05,6.29086],"to":[12.12381,2.05,8.29086],"rotation":{"angle":22.5,"axis":"y","origin":[8.57736,2.0455,6.96006]},"faces":{"north":{"uv":[8.5,8.5,9.5,9.5],"texture":"#0"},"east":{"uv":[9,0,10,1],"texture":"#0"},"south":{"uv":[4,9,5,10],"texture":"#0"},"west":{"uv":[5,9,6,10],"texture":"#0"},"up":{"uv":[7,10,6,9],"texture":"#0"},"down":{"uv":[10,6,9,7],"texture":"#0"}}},{"name":"right_leg","from":[10.34201,0.1,6.72374],"to":[13.34201,0.1,10.72374],"rotation":{"angle":-22.5,"axis":"y","origin":[8.34201,1.05,9.02374]},"faces":{"north":{"uv":[0,0,1.5,0],"texture":"#0"},"east":{"uv":[0,0,2,0],"texture":"#0"},"south":{"uv":[0,0,1.5,0],"texture":"#0"},"west":{"uv":[0,0,2,0],"texture":"#0"},"up":{"uv":[7,7,5.5,5],"texture":"#0"},"down":{"uv":[7.5,2,6,4],"texture":"#0"}}},{"name":"right_arm","from":[11.12381,0.1,5.29086],"to":[13.12381,0.1,8.29086],"rotation":{"angle":22.5,"axis":"y","origin":[8.57736,2.0455,6.96006]},"faces":{"north":{"uv":[0,0,1,0],"texture":"#0"},"east":{"uv":[0,0,1.5,0],"texture":"#0"},"south":{"uv":[0,0,1,0],"texture":"#0"},"west":{"uv":[0,0,1.5,0],"texture":"#0"},"up":{"uv":[1,10,0,8.5],"texture":"#0"},"down":{"uv":[2,8.5,1,10],"texture":"#0"}}}],"display":{"thirdperson_righthand":{"rotation":[71,43,0],"translation":[0,1.5,3.5],"scale":[0.86,0.86,0.86]},"thirdperson_lefthand":{"rotation":[71,43,0],"translation":[0,1.5,3.5],"scale":[0.86,0.86,0.86]},"firstperson_righthand":{"rotation":[0,109,5],"translation":[2,8.5,0],"scale":[0.92,0.92,0.92]},"firstperson_lefthand":{"rotation":[0,109,5],"translation":[2,8.5,0],"scale":[0.92,0.92,0.92]},"ground":{"translation":[0,3.5,0],"scale":[0.65,0.65,0.65]},"gui":{"rotation":[25,151,0],"translation":[-0.25,4.75,0],"scale":[0.93,0.93,0.93]},"head":{"translation":[0,14.4,0]},"fixed":{"rotation":[-90,0,0],"translation":[0,0,-13.5],"scale":[1.7,1.7,1.7]}}}