{"credit":"Made by Nog's Menagerie","textures":{"0":"starplushieia:txt/plushie_glow_squid_texture","particle":"starplushieia:txt/plushie_glow_squid_texture"},"elements":[{"name":"torso","from":[4,0,4],"to":[12,11,12],"rotation":{"angle":0,"axis":"y","origin":[8,2.0045,7.14645]},"faces":{"north":{"uv":[4,5.5,0,11],"texture":"#0"},"east":{"uv":[8,0,4,5.5],"texture":"#0"},"south":{"uv":[4,0,0,5.5],"texture":"#0"},"west":{"uv":[8,5.5,4,11],"texture":"#0"},"up":{"uv":[12,0,8,4],"texture":"#0"},"down":{"uv":[12,8,8,4],"texture":"#0"}}},{"name":"right_leg","from":[8.38739,0.01,-2.32702],"to":[9.38739,1.01,4.67298],"rotation":{"angle":-45,"axis":"y","origin":[9.88739,1.01,7.57298]},"faces":{"north":{"uv":[5.5,12,5,12.5],"texture":"#0"},"east":{"uv":[11.5,8,8,8.5],"texture":"#0"},"south":{"uv":[5,12,4.5,12.5],"texture":"#0"},"west":{"uv":[11.5,8.5,8,9],"texture":"#0"},"up":{"uv":[8.5,9,8,12.5],"texture":"#0"},"down":{"uv":[9,12.5,8.5,9],"texture":"#0"}}},{"name":"right_leg","from":[11.81972,0.01,7.48829],"to":[17.81972,1.01,8.48829],"rotation":{"angle":0,"axis":"y","origin":[20.06972,1.01,11.53829]},"faces":{"north":{"uv":[4,11.5,1,12],"texture":"#0"},"east":{"uv":[6,12,5.5,12.5],"texture":"#0"},"south":{"uv":[14,11,11,11.5],"texture":"#0"},"west":{"uv":[12.5,5.5,12,6],"texture":"#0"},"up":{"uv":[7,11.5,4,12],"texture":"#0"},"down":{"uv":[14.5,8.5,11.5,8],"texture":"#0"}}},{"name":"right_leg","from":[-1.81972,0.01,7.48829],"to":[4.18028,1.01,8.48829],"rotation":{"angle":0,"axis":"y","origin":[-4.06972,1.01,11.53829]},"faces":{"north":{"uv":[14,11.5,11,12],"texture":"#0"},"east":{"uv":[6.5,12,6,12.5],"texture":"#0"},"south":{"uv":[14.5,8.5,11.5,9],"texture":"#0"},"west":{"uv":[12.5,6,12,6.5],"texture":"#0"},"up":{"uv":[15,0,12,0.5],"texture":"#0"},"down":{"uv":[15,1,12,0.5],"texture":"#0"}}},{"name":"right_leg","from":[6.61261,0.01,-2.32702],"to":[7.61261,1.01,4.67298],"rotation":{"angle":45,"axis":"y","origin":[6.11261,1.01,7.57298]},"faces":{"north":{"uv":[12.5,6.5,12,7],"texture":"#0"},"east":{"uv":[12.5,9,9,9.5],"texture":"#0"},"south":{"uv":[7,12,6.5,12.5],"texture":"#0"},"west":{"uv":[12.5,9.5,9,10],"texture":"#0"},"up":{"uv":[9.5,10,9,13.5],"texture":"#0"},"down":{"uv":[10,13.5,9.5,10],"texture":"#0"}}},{"name":"right_leg","from":[7.5,0,-2],"to":[8.5,1,4],"rotation":{"angle":0,"axis":"y","origin":[15.75,1,4]},"faces":{"north":{"uv":[12.5,7.5,12,8],"texture":"#0"},"east":{"uv":[4,12,1,12.5],"texture":"#0"},"south":{"uv":[12.5,7,12,7.5],"texture":"#0"},"west":{"uv":[15,1,12,1.5],"texture":"#0"},"up":{"uv":[7.5,11.5,7,14.5],"texture":"#0"},"down":{"uv":[8,14.5,7.5,11.5],"texture":"#0"}}},{"name":"right_leg","from":[8.38739,0.01,11.32702],"to":[9.38739,1.01,18.32702],"rotation":{"angle":45,"axis":"y","origin":[9.88739,1.01,8.42702]},"faces":{"north":{"uv":[12,12,11.5,12.5],"texture":"#0"},"east":{"uv":[13.5,10,10,10.5],"texture":"#0"},"south":{"uv":[11.5,12,11,12.5],"texture":"#0"},"west":{"uv":[13.5,10.5,10,11],"texture":"#0"},"up":{"uv":[0.5,11,0,14.5],"texture":"#0"},"down":{"uv":[1,14.5,0.5,11],"texture":"#0"}}},{"name":"right_leg","from":[7.5,0,12],"to":[8.5,1,18],"rotation":{"angle":0,"axis":"y","origin":[15.75,1,12]},"faces":{"north":{"uv":[1.5,12.5,1,13],"texture":"#0"},"east":{"uv":[15,1.5,12,2],"texture":"#0"},"south":{"uv":[12.5,12,12,12.5],"texture":"#0"},"west":{"uv":[15,2,12,2.5],"texture":"#0"},"up":{"uv":[12.5,2.5,12,5.5],"texture":"#0"},"down":{"uv":[4.5,15,4,12],"texture":"#0"}}},{"name":"right_leg","from":[6.61261,0.01,11.32702],"to":[7.61261,1.01,18.32702],"rotation":{"angle":-45,"axis":"y","origin":[6.11261,1.01,8.42702]},"faces":{"north":{"uv":[2.5,12.5,2,13],"texture":"#0"},"east":{"uv":[4.5,11,1,11.5],"texture":"#0"},"south":{"uv":[2,12.5,1.5,13],"texture":"#0"},"west":{"uv":[8,11,4.5,11.5],"texture":"#0"},"up":{"uv":[10.5,11,10,14.5],"texture":"#0"},"down":{"uv":[11,14.5,10.5,11],"texture":"#0"}}}],"display":{"thirdperson_righthand":{"rotation":[71,24,0],"translation":[0,-0.75,-0.75],"scale":[0.56,0.56,0.56]},"thirdperson_lefthand":{"rotation":[71,24,0],"translation":[0,-0.75,-0.75],"scale":[0.56,0.56,0.56]},"firstperson_righthand":{"rotation":[0,109,5],"translation":[4.25,7.5,0],"scale":[0.83,0.83,0.83]},"firstperson_lefthand":{"rotation":[0,109,5],"translation":[4.25,7.5,0],"scale":[0.83,0.83,0.83]},"ground":{"translation":[0,1.25,0],"scale":[0.55,0.55,0.55]},"gui":{"rotation":[25,151,0],"translation":[0,2,0],"scale":[0.67,0.67,0.67]},"head":{"translation":[0,14.4,0]},"fixed":{"rotation":[-90,0,0],"translation":[0,0,-13.5],"scale":[1.7,1.7,1.7]}}}