{"parent":"item/generated","textures":{"layer0":"item/feather"},"display":{"head":{"rotation":[0,0,45],"translation":[-1,13,7],"scale":[1,1,1]}},"overrides":[{"predicate":{"custom_model_data":10005},"model":"starplushieia:custommodel/displays/plushlockedmodel"},{"predicate":{"custom_model_data":10006},"model":"starplushieia:custommodel/monstervolume/plushie_spider"},{"predicate":{"custom_model_data":10007},"model":"starplushieia:custommodel/christmasvolume/nm_plushie_gingerbread_man"},{"predicate":{"custom_model_data":10008},"model":"starplushieia:custommodel/peoplevolume/pinkponymodel"},{"predicate":{"custom_model_data":10009},"model":"starplushieia:custommodel/monstervolume/plushie_phantom"},{"predicate":{"custom_model_data":10010},"model":"starplushieia:custommodel/nethervolume/plushie_magmacube"},{"predicate":{"custom_model_data":10011},"model":"starplushieia:custommodel/monstervolume/plushie_cave_spider"},{"predicate":{"custom_model_data":10012},"model":"starplushieia:custommodel/seavolume/plushie_glow_squid"},{"predicate":{"custom_model_data":10013},"model":"starplushieia:custommodel/christmasvolume/nm_plushie_reindeer"},{"predicate":{"custom_model_data":10014},"model":"starplushieia:custommodel/overworldvolume/plushie_fox"},{"predicate":{"custom_model_data":10015},"model":"starplushieia:custommodel/monstervolume/plushie_enderman"},{"predicate":{"custom_model_data":10016},"model":"starplushieia:custommodel/christmasvolume/nm_plushie_rudolph"},{"predicate":{"custom_model_data":10017},"model":"starplushieia:custommodel/overworldvolume/plushie_bee"},{"predicate":{"custom_model_data":10018},"model":"starplushieia:custommodel/seavolume/plushie_squid"},{"predicate":{"custom_model_data":10020},"model":"starplushieia:custommodel/overworldvolume/plushie_parrot"},{"predicate":{"custom_model_data":10021},"model":"starplushieia:custommodel/overworldvolume/plushie_camel"},{"predicate":{"custom_model_data":10022},"model":"starplushieia:custommodel/displays/plushdisplaystevemodel"},{"predicate":{"custom_model_data":10023},"model":"starplushieia:custommodel/seavolume/plushie_drowned"},{"predicate":{"custom_model_data":10024},"model":"starplushieia:custommodel/monstervolume/plushie_skeleton"},{"predicate":{"custom_model_data":10025},"model":"starplushieia:custommodel/seavolume/plushie_axolotl"},{"predicate":{"custom_model_data":10026},"model":"starplushieia:custommodel/christmasvolume/nm_plushie_elf_yellow"},{"predicate":{"custom_model_data":10027},"model":"starplushieia:custommodel/overworldvolume/plushie_panda"},{"predicate":{"custom_model_data":10028},"model":"starplushieia:custommodel/seavolume/plushie_elder_guardian"},{"predicate":{"custom_model_data":10029},"model":"starplushieia:custommodel/seavolume/plushie_dolphin"},{"predicate":{"custom_model_data":10030},"model":"starplushieia:custommodel/monstervolume/plushie_stray"},{"predicate":{"custom_model_data":10031},"model":"starplushieia:custommodel/christmasvolume/nm_plushie_robin"},{"predicate":{"custom_model_data":10032},"model":"starplushieia:custommodel/christmasvolume/nm_plushie_frosty"},{"predicate":{"custom_model_data":10033},"model":"starplushieia:custommodel/seavolume/plushie_pufferfish"},{"predicate":{"custom_model_data":10034},"model":"starplushieia:custommodel/christmasvolume/nm_plushie_santa"},{"predicate":{"custom_model_data":10035},"model":"starplushieia:custommodel/seavolume/plushie_turtle"},{"predicate":{"custom_model_data":10036},"model":"starplushieia:custommodel/overworldvolume/plushie_polar_bear"},{"predicate":{"custom_model_data":10037},"model":"starplushieia:custommodel/christmasvolume/nm_plushie_penguin"},{"predicate":{"custom_model_data":10038},"model":"starplushieia:custommodel/christmasvolume/nm_plushie_mrs_claus"},{"predicate":{"custom_model_data":10039},"model":"starplushieia:custommodel/monstervolume/plushie_witch"},{"predicate":{"custom_model_data":10040},"model":"starplushieia:custommodel/monstervolume/plushie_zombie"},{"predicate":{"custom_model_data":10041},"model":"starplushieia:custommodel/othervolume/wumpusplushmodel"},{"predicate":{"custom_model_data":10042},"model":"starplushieia:custommodel/monstervolume/plushie_husk"},{"predicate":{"custom_model_data":10043},"model":"starplushieia:custommodel/overworldvolume/plushie_armadillo"},{"predicate":{"custom_model_data":10044},"model":"starplushieia:custommodel/nethervolume/plushie_blaze"},{"predicate":{"custom_model_data":10045},"model":"starplushieia:custommodel/nethervolume/plushie_ghast"},{"predicate":{"custom_model_data":10046},"model":"starplushieia:custommodel/nethervolume/plushie_strider"},{"predicate":{"custom_model_data":10047},"model":"starplushieia:custommodel/nethervolume/plushie_hoglin"},{"predicate":{"custom_model_data":10048},"model":"starplushieia:custommodel/seavolume/plushie_guardian"},{"predicate":{"custom_model_data":10049},"model":"starplushieia:custommodel/monstervolume/plushie_creeper"},{"predicate":{"custom_model_data":10050},"model":"starplushieia:custommodel/overworldvolume/plushie_rabbit"},{"predicate":{"custom_model_data":10051},"model":"starplushieia:custommodel/overworldvolume/plushie_sniffer"},{"predicate":{"custom_model_data":10052},"model":"starplushieia:custommodel/seavolume/plushie_frog"},{"predicate":{"custom_model_data":10053},"model":"starplushieia:custommodel/nethervolume/plushie_piglin"},{"predicate":{"custom_model_data":10054},"model":"starplushieia:custommodel/nethervolume/plushie_piglin_brute"},{"predicate":{"custom_model_data":10055},"model":"starplushieia:custommodel/nethervolume/plushie_wither_skeleton"},{"predicate":{"custom_model_data":10056},"model":"starplushieia:custommodel/christmasvolume/nm_plushie_elf_red"},{"predicate":{"custom_model_data":10057},"model":"starplushieia:custommodel/overworldvolume/plushie_llama"},{"predicate":{"custom_model_data":10058},"model":"starplushieia:custommodel/valentinesvolume/nm_plushie_ilovemoo"},{"predicate":{"custom_model_data":10059},"model":"starplushieia:custommodel/valentinesvolume/nm_plushie_cupid"},{"predicate":{"custom_model_data":10060},"model":"starplushieia:custommodel/valentinesvolume/nm_plushie_octopus_brown"},{"predicate":{"custom_model_data":10061},"model":"starplushieia:custommodel/valentinesvolume/nm_plushie_octopus_blue"},{"predicate":{"custom_model_data":10062},"model":"starplushieia:custommodel/valentinesvolume/nm_plushie_mr_cuddles"},{"predicate":{"custom_model_data":10063},"model":"starplushieia:custommodel/valentinesvolume/nm_plushie_teddy_pink"},{"predicate":{"custom_model_data":10064},"model":"starplushieia:custommodel/valentinesvolume/nm_plushie_teddy_brown"},{"predicate":{"custom_model_data":10065},"model":"starplushieia:custommodel/valentinesvolume/nm_plushie_teddy_blue"},{"predicate":{"custom_model_data":10066},"model":"starplushieia:custommodel/valentinesvolume/nm_plushie_octopus_pink"},{"predicate":{"custom_model_data":10067},"model":"starplushieia:custommodel/valentinesvolume/nm_plushie_octopus_cream"},{"predicate":{"custom_model_data":10068},"model":"starplushieia:custommodel/valentinesvolume/nm_plushie_puppy_patchy"},{"predicate":{"custom_model_data":10069},"model":"starplushieia:custommodel/valentinesvolume/nm_plushie_puppy_golden"},{"predicate":{"custom_model_data":10070},"model":"item/feather"}]}