{"parent":"minecraft:item/generated","overrides":[{"model":"minecraft:item/netherite_helmet_quartz_trim","predicate":{"trim_type":0.1}},{"model":"minecraft:item/netherite_helmet_iron_trim","predicate":{"trim_type":0.2}},{"model":"minecraft:item/netherite_helmet_netherite_darker_trim","predicate":{"trim_type":0.3}},{"model":"minecraft:item/netherite_helmet_redstone_trim","predicate":{"trim_type":0.4}},{"model":"minecraft:item/netherite_helmet_copper_trim","predicate":{"trim_type":0.5}},{"model":"minecraft:item/netherite_helmet_gold_trim","predicate":{"trim_type":0.6}},{"model":"minecraft:item/netherite_helmet_emerald_trim","predicate":{"trim_type":0.7}},{"model":"minecraft:item/netherite_helmet_diamond_trim","predicate":{"trim_type":0.8}},{"model":"minecraft:item/netherite_helmet_lapis_trim","predicate":{"trim_type":0.9}},{"model":"minecraft:item/netherite_helmet_amethyst_trim","predicate":{"trim_type":1.0}},{"predicate":{"custom_model_data":1},"model":"custom:bat_armor/bat_helmet"},{"predicate":{"custom_model_data":2},"model":"custom:frosty_armor/frosty_helmet"},{"predicate":{"custom_model_data":3},"model":"custom:v_armor/v_helmet"}],"textures":{"layer0":"minecraft:item/netherite_helmet"}}