{"parent":"minecraft:item/generated","textures":{"layer0":"minecraft:item/paper"},"overrides":[{"predicate":{"custom_model_data":10000},"model":"_iainternal:ia_auto_gen/icon_left_blue"},{"predicate":{"custom_model_data":10001},"model":"_iainternal:ia_auto_gen/icon_right_blue"},{"predicate":{"custom_model_data":10002},"model":"_iainternal:ia_auto_gen/icon_search"},{"predicate":{"custom_model_data":10003},"model":"_iainternal:ia_auto_gen/icon_cancel"},{"predicate":{"custom_model_data":10004},"model":"_iainternal:ia_auto_gen/icon_arrow_chest"},{"predicate":{"custom_model_data":10005},"model":"_iainternal:ia_auto_gen/icon_back_orange"},{"predicate":{"custom_model_data":10006},"model":"_iainternal:ia_auto_gen/icon_next_orange"},{"predicate":{"custom_model_data":10007},"model":"crates:val/val_crate2025"},{"predicate":{"custom_model_data":10008},"model":"crates:bat/bat_crate2024"},{"predicate":{"custom_model_data":10009},"model":"pins:icons/reindeer"},{"predicate":{"custom_model_data":10011},"model":"crates:frosty/frosty_crate2024"},{"predicate":{"custom_model_data":10079},"model":"nogs_menagerie_icons:icons/back"},{"predicate":{"custom_model_data":10080},"model":"nogs_menagerie_icons:icons/reward"},{"predicate":{"custom_model_data":10081},"model":"nogs_menagerie_icons:icons/next"},{"predicate":{"custom_model_data":10083},"model":"nogs_menagerie_icons:icons/mcbook"},{"predicate":{"custom_model_data":10084},"model":"item/paper"}]}